1962, Tahsisat (Tadil) Kanunu	e9/1962:~0DOC|e9/1962:~0DOC
1963 Pul Kanununu Tadil Eden Kural	e12/1972:~doc
1966 Gemilerin Yükleme Sınırlarını Belirleyen Uluslararsı Kurallar ,	e59/1999:~doc
1969 Gemilerin Tonilatolarını Ölçme Uluslararsı Sözleşmelerin Onaylanmasının Uygun Bulunmasına İlişkin Yasa .	e63/1999:~doc
1971 Sendikalar Kuralı	e13/1971:~doc
1972 İhtiyat Sandığı Kuralı	e1/1973:~0doc
1972 Şahsi Vergiler (Genel Vergi) Kuralı	e9/1972:~0doc
1974 Mahkemeler Yasası	e9/1976:~0doc
1975 Motorlu Araçlar (Geçici Kurallar) Yasası	d04/2014:~doc
1976 Kıbrıs Türk Federe Meclisi, Meclis Dairesi Kuruluş Yasası	e7/1976:~0doc
1976 Kıbrıs Türk Sosyal Sigortalar Yasasını Değiştiren Yasa	e9/1981:~0doc
2004 Yılı Yerel Kuruluş Organları Ara Seçimler (Özel ve Geçici Kurallar) Yasası	e7/2004:~0doc
2005 Mali Yılı Zorunlu Harcamalarda ve Gelir Tahsilinde Yetkilendirme Hakkında Yasa	e6/2005:~0doc
2009 Yılında Yasalaşan Bazı Yasaların Yürürlükten Kaldırılmasına İlişkin Yasa	e17/2010:~doc
2017 Haziran Ara Seçimlerinin İptal Edilmesi (Geçici Kurallar) Yasası	e34/2017:2017 sec..docx
21 Aralık 1963'te Başlayan Hadiselerden Madd Zarara Uğrayarak Borçlarını Ödeyemeyenlerin Borçlarını Tanzim Eden Kural	e4/1973:~0doc
21 Aralık 1963'te Başlayan Hadiselerden Madd Zarara Uğrayarak Borçlarını Ödeyemeyenlerin Borçlarını Tanzim Eden Ve İktisaden Kudretli Şahısların İstismarını Önleyen Kural	e21/1973:~doc
31 Aralık 2009 Tarihinden Önce ve 31 Aralık 2009 Tarihinde Sona Eren Av Ruhsatı Sahibi Kuzey Kibris Türk Cumhuriyeti Yurttaşlarının, 1 Ocak 2010 Tarihinden, 5 Mart 2010 Tarihine Kadar, Alacakları Av Ruhsatı Karşılığı Ödenmesi Gerekli Harç Miktarları Hakkında Yasa	e16/2010:~doc
41/2009 Sayılı Yasa EK	e41-ek/2009:zzonay.pdf
65/2005 Sayılı Kuzey Kıbrıs Türk Cumhuriyeti Yükseköğretim Yasası Tahtında Faaliyet Gösteren Yükseköğretim Kurumlarından İlişiği Kesilenlere Öğrenimlerine Devam Edebilme Hakkı Verilmesine İlişkin (Geçici Kurallar) Yasası	e29/2009:~doc|d40/2011:~doc|d42/2015:158-3-2015.doc|d30/2018:af.docx|d30/2022:9308134_Af.docx
Acentelik Yasası	e47/1993:~doc
ACENTELİK YASASININ YÜRÜRLÜKTEN KALDIRILMASINA İLİŞKİN YASA	e55/2003:55_2003.doc
Adalet Mahkemeleri (Yetki Genişletme)Yasası	e6/1960:~0doc
Adalet Mahkemeleri Teşkilatı, Görevleri Ve Yetkiler Hakkında Ve Adaletin Tedvirinde Mütedair Diğer Maksatlar İçin Hüküm Koyan Kanun	e14/1960:~doc
Adalet Mahkemeleri Yasası	e14/1960:~doc|d19/1970:~doc|d8/1972:~0doc
Adalet MahkemeleriYasası	d50/1962:~doc|d11/1963:~doc|d11/1963:~doc
Adliye Teşkilatı Yasası	d7/1969:~0doc
Aile (Evlenme ve Boşanma) Yasası	e1/1998:~0doc|d34/2015:aileyasası.doc|d05/2019:aile.docx|d46/2023:3661982_Aile Yasası 19-2-2023.docx
Akaryakıt (Depolama, Nakliye ve Satış) Yasası	d34/2025:1570852_yt no 29-1-2022 Yasası Resmi Gazete.doc
Akaryakıt (DepolamaNakliye ve Satış) Yasası	e33/1977:~doc|d56/1988:~doc|d45/1995:~doc
Alameti Farika Yasası	d63/1962:~doc
ALÇAK ORMAN ARAZİLERİNİN DEVRİ VE İCARI YASASI	e19/2003:4360041_Alçak Orman Arazilerinin Devri ve İcarı Yasası.pdf|d31/2026:8310514_Yasa No 31-26.docx
Alçak Orman Tarlalarının Hak Sahiplerine Devri (Geçici Kurallar) Yasası	e46/1989:~doc
Ali Riza Denizgezenin Affına İlişkin Yasa	e55/2000:~doc
Alkollü İçkiler (İmali) Ruhsatlandırma Yasası	d1/1961:~0doc|d34/1963:~doc
ALKOLLÜ İÇKİLER SATIŞ (DEĞİŞİKLİK) YASASI	d50/1963:~doc|d11/1969:~doc|d5/1978:~0doc|d4/1989:~0doc|d64/1991:~doc|d8/1992:~0doc|d31/1995:~doc|e11/2002:11.2002.doc.doc|d3/2005:~0doc|d90/2007:~doc
Alkollü İçkiler Satış Yasa Tasarısı	d19/1984:~doc
Ambalajlanmis Kaynak Suyu ve Içme Suyu Yasasi	e88/2009:88-2009s.doc
Amme Görevlileri (Temsilciler Meclisi Türk Üyelikleri ile T.C.M. Üyeliklerine Adaylık)(Geçici Hükümler)Yasası	e25/1970:~doc
Amme Hizmeti Yasası	d0/1961:TCM12-61.doc|d0/1963:TCM03-63.doc|d0/1963:TCM04-63.doc|d3/1970:~0doc
Amme İkazları Yasası	d18/1962:~doc
Amme Memurları (Eski Görevlerine İade) Yasası	d5/1962:~0doc
Amme Memurları (Eski Görevlerine İade)Yasası	e48/1961:~doc
Amme Sağlığı (Köyler) Yasası	d81/1963:~doc|d37/1991:37-1991-2.doc
Anayasa Degisikligine Iliskin Yasa	e23/2010:~doc
Anayasa Değişikliğine İlişkin Halkoylaması (Geçici ve Özel Kurallar) Yasası	e49/2014:~doc|e28/2020:6990803_Anayasa halk..docx
Anayasa Değişikliğine İlişkin Yasa	e47/2014:~doc|e33/2020:8513546_anayasa y..docx
Anayasanın 159. Maddesinin (1) inci Fıkrasının ( B) Bendi Kapsamına Giren Taşınmaz Malların Tazmini Takası ve İadesi Yasası	e67/2005:~doc
Anayasanın 159’uncu Maddesinin (1)’inci Fıkrasının (b) Bendi Kapsamına Giren Taşınmaz Malların Tazmini, Takası ve İadesi Yasası	d56/2011:~doc|d30/2013:anayasa 159.doc|d01/2016:ANAYASANIN 159.doc|d44/2019:ANAYASANIN 159.docx|d74/2023:2251372_ANAYASANIN 159. Md. Yasası.docx|d51/2025:7151845_51-2025 Sayılı Taşınmaz Mal Komisyonu Yasası.docx
Anayasanın 159'uncu Maddesinin (1)'inci Fıkrasının (b) Bendi Kapsamına Giren Taşınmaz Malların Tazmini, Takası ve İadesi Yasası	d67/2017:315-5-2017.doc|d28/2021:3196505_tas.docx|d2017/67:315-5-2017.doc
Anayasanın 159'uncu maddesinin (1)'inci fıkrasının (b) Bendi Kapsamına Giren, KKTC Hukukuna Göre Mülkiyet Hakkı Herhangi Bir Gerçek veya Devlet Dışındaki Tüzel Kişiye Ait Olmayan ve Tasarruf Hakkı Halen Bir Gerçek veya Tüzel Kişiye veya KKTC Devletine Ait Bulunan Taşınmaz Mallar Üzerindeki Hakların Devri ve Kaydedilmesi Yasası	d25/2018:ana159.docx
Anayasanın 159uncu Maddesinin (1)inci Fıkrasının (b) Bendi Kapsamına Giren Taşınmaz Malların Tazmini, Takası ve İadesi Yasası	d59/2006:~doc|d85/2007:~doc|d74/2009:~doc
Anayasanın 159uncu Maddesinin (1)inci Fıkrasının (b) Bendi Kapsamına Giren, Kuzey Kıbrıs Türk Cumhuriyeti Hukukuna Göre Mülkiyet Hakkı Herhangi Bir Gerçek veya Devlet Dışındaki Tüzel Kişiye Ait Olmayan ve Tasarruf Hakkı Halen Bir Gerçek veya Tüzel Kişiye veya Kuzey Kıbrıs Türk Cumhuriyeti Devletine Ait Bulunan Taşınmaz Mallar Üzerindeki Hakların Devri ve Kaydedilmesi Yasası	e13/2008:~doc
Anayasanın Halkoylamasına Sunulması (Geçici Kurallar)Yasası	e18/1985:~doc
Antikalar Kanunu (Tâdil) Kuralı	e2/1970:~0DOC
Appropriation Law	e35/1959:~doc
Ara Seçimlerinin Ertelenmesi (Geçici Kurallar) Yasası	e51/1991:~doc
ARAÇ IŞIKLARI (DEĞİŞİKLİK) YASASI	d7/1983:~0doc|d50/1991:~doc|d7/1997:~0doc|d7/1997:~0doc|e49/2002:49.2002.doc|d06/2014:~doc
Araç Işıkları Yasası	d56/2005:~doc
Araçlar ve Trafik Düzenleme Yasası	d10/1983:~doc|d45/1991:~doc|d55/2005:~doc|d08/2014:~doc
Araştırma, Geliştirme ve Tasarım Faaliyetlerinin Desteklenmesi Yasası	e16/2019:arge.docx
Arazi Yangınları ile Mücadele Yasası	e6/1979:~0doc|d58/1988:~doc|d88/2007:~doc
Arif Hasan Tahsin Desem'in Affına ilişkin Yasa	e52/1983:~doc
aset Vergisi Yasası	d71/1993:~doc
Asgari Ücretler Yasası	e22/1975:~doc|d22/1982:~doc|d37/1993:~doc|d45/1994:~doc|d47/2001:~doc
Askeri Ceza ve Usulü Yasası	d11/1973:~doc
Askeri Suç ve Cezalar Yasası	e29/1983:~doc|d34/1995:~doc|d50/2006:~doc|d08/2009:~doc
Askeri Yargı Mercileri Askeri Suç Ve Cezalar Askeri Ceza Usulü Hakkında Hükümetler Koyan Kural	e5/1973:~0doc
Askeri Yasak Bölge Yasası	e5/1979:~0doc
Askerlik Yasası	e14/1980:~doc|d33/1986:~doc|d54/1994:~doc|d35/1995:~doc|d54/1995:~doc|d34/1998:~doc|e59/2000:~doc|e43/2002:43.2002.doc.doc|e42/2003:42_2003.doc|d4/2004:~0doc|d5/2005:~0doc|d22/2008:~doc|d28/2008:~doc|d35/2009:~doc|d13/2012:yasa202-4-2011.doc|d64/2014:~doc|d06/2015:45-3-2014 yt no..docx|d64/2017:ask.docx|d65/2017:98-100-5-2017.docx|d46/2020:9805390_ask...docx|d12/2021:5712700_12-2021.docx|d16/2024:5278581_Askerlik (Değişiklik) Yasası.docx|d52/2025:6549688_yt.no.282-4-2025 askerlik.docx|d12/2026:9081408_Askerlik (Değişiklik) Yasası.docx
ATATÜRK ÖĞRETMEN AKADEMİSİ (DEĞİŞİKLİK) YASASI	e60/2000:~doc|e26/2003:26_2003.doc|d25/2006:~doc|d76/2007:~doc
Atatürk Öğretmen Akademisi Kuruluş Yasası	d81/2009:~doc|d32/2013:Atatürköğr (2).doc|d05/2015:y.t.133-3-2015zz.doc|d44/2015:atatürk.doc|d21/2020:2454631_At.docx|d25/2024:7656489_25-2024 AÖA HP.docx|d37/2024:845899_199-3-2024 atatürk öğrtm. akdmisi.docx
Atatürk Öğretmen Akademisi Kuruluş Yasasında Hayat Pahalılığı Ödeneği Hakkını Düzenleyen 36’ncı Maddenin Uygulanmasının Durdurulmasına İlişkin (Geçici Kurallar) Yasası	e19/2011:~doc|e10/2015:atatürköğretmen.doc
Atatürk Öğretmen Akademisi Kuruluş Yasasının 36ncı Maddesinde Düzenlenmiş Olan Hayat Pahalılığı Ödeneği Hakkının Yeniden Düzenlenmesine İlişkin Yasa	e60/2009:~doc
Atatürk Öğretmen Akademisi Kuruluş Yasasının Hayat Pahalılığı Ödeneği Hakkını Düzenleyen 36’ncı Maddesinin Uygulanmasının 3 Ay Süre İle Durdurulmasına İlişkin (Geçici Kurallar) Yasası	e49/2018:YGK 32-2-18 ataturk ak.docx
Ateşli Silahlar (Geçici Hükümler ) Yasası	d27/1974:~doc
Ateşli Silahlar (Geçici Hükümler )Yasası	e12/1970:~doc
Ateşli Silahlar (Geçici Kurallar )Yasası	e16/1959:~doc
Ateşli Silahlar Yasası	d85/1963:~doc|d3/1979:~0doc|d23/1982:~doc|d32/1985:~doc|d15/1992:~doc|d55/1992:~doc|d2/1996:~0doc|d2/2000:~0doc|d11/2004:~doc|d01/2010:~doc
Av ve Avla İlgili Yaban Hayatını Düzenleme Yasası	e18/2009:~doc|d10/2020:9127947_Av Yasa.docx|d16/2026:8449901_YT 358-5-2026 - RG.docx
Av ve Yabani Kuşları Koruma Yasası	d29/1978:~doc|d31/1985:~doc|d54/1988:~doc|d23/1992:~doc|d55/1993:~doc|d55/1993:~doc|d1/1994:~0doc|d1/1996:~0doc|d3/2000:~0doc
AVUKATLAR (DEĞİŞİKLİK) YASASI	d42/1961:~doc|d42/1961:~doc|d20/1963:~doc|d9/1973:~0doc|d1/1974:~0doc|d12/1974:~doc|d1/1976:~0doc|d32/1982:~doc|d32/1982:~doc|d49/1982:~doc|d48/1984:~doc|d47/1989:~doc|d50/1998:~doc|e8/2002:08.2002.doc.doc|d6/2006:~0doc|d56/2010:~doc|d60/2023:2977897_Avukatlar Değişiklik Yasası 60-2023.docx
Avukatlar Kanununu Tadil Eden Yasası	e42/1961:~doc
Bağcılık ve Bağlar (Tetkik ve Kayıt) Yasası	e82/1963:~doc
Bahse Tutuşma Evleri Kumarhaneler ve Kumarı Önleme Kanununu Tadil Eden Kural	e15/1971:~doc
Bahse Tutuşma Evleri Kumarhaneler ve Kumarı Önleme Yasası	d20/1971:~doc|d20/1975:~doc|d44/1984:~doc
Bakanlar Kurulu Genel Sekreterliği (Kuruluş, Görev ve Çalışma Esasları)Yasası	e36/1986:~doc
Bakanlar Kurulu Tarafindan Kabul Edilen Sel, Yangin, Deprem Gibi Dogal Afet Yasayan Bölgelerde Is Yapan Gerçek Veya Tüzel Kisilere Poliçeler Yasasinin 74B ve 74C Maddelerindeki Sürelerin Geçici Olarak Farkli Uygulanmasi Hakkinda Yasa	e29/2010:~doc
Bakanların Temsilciler Meclisi Reisi, Reis Vekili ve Üyelerin Tahsisatı Hususunda Yasa	e22/1960:~doc
Bakanlıklar Kuruluş İlkeleri Yasası	e57/1977:~doc|d25/1982:~doc|d76/1989:~doc|d26/1991:~doc|d26/1991:~doc|d28/1992:~doc|d40/1993:~doc|d40/1993:~doc|d18/1994:~doc|d4/1996:~0doc
BAKANLIKLARIN KURULUŞ İLKELERİ (DEĞİŞİKLİK)	e53/2003:53_2003.doc
Bakanlıkların Kuruluş İlkeleri Yasa Tasarısı	d24/1999:~doc
Bakanlıkların Kuruluş İlkeleri yasası	d19/2000:~doc|d1/2001:~0doc|d4/2001:~0doc|d4/2001:~0doc|d1/2004:~0doc|d23/2006:~doc|d35/2006:~doc|d61/2006:~doc|d25/2009:~doc|d54/2011:~doc|d26/2016:202-4-2016.docx
Balıkçı Gemileri (Tescil, Satış, Devir ve İpotek) Yasası	e34/1975:~doc|d52/1988:~doc
Balıkçılık Yasası [Fisheries Law]	d44/1961:~doc|d5/1989:~0doc
Bank Holidays (Amendment) Law	e34/1959:~doc
Banka Kartları ve Kredi Kartları Yasası	e58/2014:~docx|d05/2016:bankakarti.doc
Banka Tatilleri (Tadilat) Yasası	e9/1960:~0doc
Banka ve Sigorta İşlemleri Vergisi Yasası	e21/1992:~doc|d5/1998:~0doc|d47/2008:~doc
Banka ve Sigorta İşlemleri VergisiYasası	d72/2007:~doc
Bankalarca, Bugüne Kadar Tamamlanmış Yada Tamamlanmamış Projelere Verilmiş Olup Dönüşünde Zorluk Bulunan Kredilerin, Kalkınma Bankası Yönetim Kurulunca Uyg	e57/1994:~doc
Bankalarca, Bugüne Kadar Tamamlanmış Yada Tamamlanmamış Projelere Verilmiş Olup Dönüşünde Zorluk Bulunan Kredilerin, Kalkınma Bankası Yönetim Kurulunca Uygun Görülmesi Halinde Devralınması Yasası	e44/1993:~doc
Bankaların Kıbrıs Lirası Ödeme Mükellefiyetlerinin Türk Lirası ile Karşılanmasına Yetki Veren Kararnamenin Yürürlükten Kaldırılması Yasası	e28/1991:~doc
Barış ve Özgürlük Bayramı Af Yasası	e29/1975:~doc|d38/1975:~doc
Basın İş Yasası	e44/2007:~doc|d32/2011:~doc
Basın Yasası	d48/2006:~doc
Başbakanlık (Kuruluş, Görev ve Çalışma Esasları) Yasası	e15/1981:~doc|d5/1987:~0doc|d13/1990:~doc|d17/1994:~doc|d20/1994:~doc|d13/1997:~doc|d19/1999:~doc|e52/2003:52_2003.doc
Başbakanlık Denetleme Kurulu (Kuruluş, Görev ve Yetkileri) Yasası	e07/2010:~doc
Başbakanlık ve Merkez Kuruluşu (Kuruluş, Görev ve Çalışma Esasları) Yasası	e49/2024:5756763_başbakanlık 49-2024 yasası.docx|e09/2025:6213011_Başbakanlık değişiklik yö. no 72-4-2024.docx
Bayrak Radyo Televizyon Kurumu 1996 Mali Yılı Yasası	e15/1996:~DOC
BAYRAK RADYO TELEVİZYON KURUMU 2003 MALİ YILI	e41/2003:41_2003.doc
Bayrak Radyo Televizyon Kurumu Yasası	e50/1983:~doc|d25/1986:~doc|d54/1989:~doc|d35/1993:~doc|d51/2026:8124819_yt.no.314-4-2025 brt.docx
Bayrak Radyo-Televizyon Kurumu Yasası	d40/2023:445055_BAYRAK RADYO ÇALIŞMA SAATLERİ.docx
Bayrak Yasası	e15/1984:~doc|d36/1989:~doc
Bazı İsim ve Deyimlerin Kullanılmasını Kısıtlayan Yasa	e39/1975:~doc|e39/1977:39-1975.doc
Bazı Kararnamelerin Yürürlükten Kaldırılması Hakkında Yasa	e24/1984:~doc
BAZI TAŞIT ARAÇLARINDA KLAKSON VE GÜRÜLTÜYÜ YASAKLAYAN (DEĞİŞİKLİK) YASA	e64/2002:64.2002.doc
Bazı Taşıt Araçlarında Klakson ve Gürültüyü Yasaklayan Yasası	d49/2005:~doc
Bazı Yasa Gücünde Kararnamelerin Yürürlükten Kaldırılması Yasası	e23/2013:yasabazı.doc
Bazı Yasalarda Yer Alan Tefsir ve Yürütme Yetkisi Maddeleri ile İlgili Özel Kural ve Yetki Yasası	e25/1998:~doc
Bazı Yasaların Yürülükten Kaldırılmasına İlişkin Yasa Tasarısı	e45/2001:~doc|e45/2001:~doc
Bedelli Askerlik Yasası	e4/1983:~0doc|d49/1983:~doc|d7/1987:~0doc|d10/1991:~doc
Beden Eğitimi ve Spor Yasası	e8/1978:~0doc|d31/1981:~doc|d31/1981:32-1981.DOC|d4/1986:~0doc|e67/1999:~doc|d40/2004:~doc|d12/2011:~doc
Belediye Komisyonları (Geçici Hükümler) Yasası	e24/1970:~doc
Belediye Meclisinin Görev Süresinin Uzatılmasını Öngören Yasa	e15/1959:~doc
BELEDİYE PERSONEL YASASI	e65/2007:~doc|d27/2009:~doc|d26/2010:~doc
Belediyeler (Seçimler)(Geçici Hükümler) Yasası	d9/1974:~0doc
Belediyeler (Seçimler)(Geçici Hükümler)Yasası	e18/1970:~doc
Belediyeler Kanunları (Devamı) Yasası	d37/1961:~doc
Belediyeler Kanunu Tadil Eden Kural	e13/1970:~doc
Belediyeler Yasası	d10/1961:~doc|d15/1961:~doc|d29/1961:~doc|d36/1961:~doc|d36/1961:~doc|d55/1961:~doc|d11/1962:~doc|d35/1962:~doc|d60/1962:~doc|d1/1970:~0doc|d6/1972:~0doc|d5/1975:~0doc|e15/1980:~doc|d11/1982:~doc|d52/1989:~doc|e51/1995:~doc|d33/2001:~doc|e2/2003:~doc|d9/2006:~0doc|d40/2007:~doc|d14/2008:~doc|d02/2009:~doc|d91/2009:91-2009s.doc|d03/2013:~doc|d33/2014:~doc|d53/2015:beledıye.doc|d21/2017:Belediyeler.doc|d03/2018:1-1-2018.docx|d02/2023:639769_Belediyeson.pdf|d44/2023:9505679_beled.docx|d2018/3:1-1-2018.docx
Belediyelerin Birleştirilmesine İlişkin (Özel) Yasa	e15/2022:4617963_yt no.2-1-2022  bel.docx|d68/2023:5850232_y.ö.no.52-3-2023 belediyeler birleştirilmesi no.2.docx
Belediyelerin Birleştirilmesine İlişkin (Özel) Yasası	d28/2022:1857266_YTNo.68-2-2022.docx|d48/2023:4099658_yt.no.117-2-2023-belediyelerin birleştirilmesi.docx|d12/2024:6691949_62-3-2024 belediyelerin birleştirilmesi cumhur.docx
Belediyelerin Kuruluş ve Binalarına Ait Elektrik Borçlarının Yeniden Yapılandırılması Hakkında Yasa	e15/2012:61-4-2011.doc
Beşparmak Dağları Yangını Özel Fon Yasası	e44/1995:~doc
Bilgi Edinme Hakkı Yasası	e12/2006:~doc|d27/2014:~doc
Bilişim Suçları Yasası	e32/2020:3138418_bilisim.docx
Bin Dokuz Yüz Altmış Bir Yılında Aralık Ayının Otua Birinci Günü Sona Eren Yıl Zarfında Sarfedilmek Üzere Sekiz Yüz Kırk Altı, Bin Sekiz, Yüz Lirayı Geçmeyen Bir Meblağın Tahsisat Hakkında Kanun	e18/1961:~DOC
BİN DOKUZ YÜZ ALTMIŞ İKİ YILINDA ARALIK AYININ OTUZ BİRİNCİ GÜNÜ SONA EREN YIL ZARFINDA SARFEDİLMEK ÜZERE DOKUZ BİN DÖRT YÜZ YİRMİ LİRAYI GEÇMEYEN BİR MEBLÂĞIN TAHSİSİ HAKKINDA KANUN	e83/1962:~DOC
Bira Fabrikaları Yasası	d33/1963:~doc
Birikmiş Kamu AlacaklarınınTahsili (Geçici Kurallar) Yasası	d13/2006:~doc
Birikmiş Kamu Alacaklılarının Tahsili (Geçici Kurallar) Yasası	e36/2005:~doc
Birlikler ve Dernekler Yasası	d7/1991:~0doc
Bitki Sağlığı Yasası	e20/2015:~docx
Borç İlişkilerinden Kaynaklanıp Tahsili Geciken ve/veya Tahsil Edilemez Hale Gelen Borçların Ekonomik İyileştirme Kapsamında Yeniden Yapılandırılması Yasası	e12/2012:204-4-2011-iade.rtf|e12/2013:yasaborç.doc
Borç ilişkilerinden Kaynaklanıp Tahsili Geciken ve/veya Tahsil Edilemez Hale Gelen Borçların Yapılandırılması Yasası	e29/2013:6-2-2013yasa.doc|d48/2014:~doc
Borçlular (Gayri Menkul Malların Mecburi Satışının Tahdidi) Yasası	e59/1961:~doc|d12/1962:~doc|d24/1962:~doc
Borçlular (Gayrimenkul Mal Satışlarının Talik ve Tahdidi) Yasası	e2/1960:~0doc|d38/1961:~doc
Boşalan LTB Başkanlığı için Haziran 2013 Tarihinde Yapılması Gereken Ara Seçimin 7 Nisan 2013 Tarihinde Yapılmasına Olanak Veren LTB Başkanı Seçim (Özel) Yasası	e04/2013:~doc
Bölge Koruma Birlikleri Yasası	e34/1981:~doc|d31/1982:~doc|d14/1991:~doc
Bulaşıcı Hastalıklar Yasası	e45/2018:bulasici hastalıklaryt.docx|d08/2021:1179767_bulasici.docx
Bulaşıcı HastalıklarYasası	d53/2020:3463889_bul has.docx
Casino İşletmecileri Birliği Yasası	e40/2016:YTNo123-3-2014.docx
Cemaat Meclisi İcabi İstifa Ettirilenler (Tekrar istihdam ve Emeklilik) Yasası	e7/1971:~0doc
Ceza (Değişiklik9 Yasası	d14/2020:7903997_ceza.docx
Ceza Kanununu Tadil Eden Kanun	e3/1962:~0doc
Ceza Muhakemeleri Usulu Yasası	d33/1982:~doc|d27/1992:~DOC
CEZA MUHAKEMELERİ USULÜ (DEĞİŞİKLİK) YASASI	e27/1992:~DOC|d20/1998:~doc|d68/2007:~doc|d26/2020:6032197_ceza muh.docx|d32/2026:3469814_Yasa 32-2026.docx
Ceza Yasası	d43/1963:~doc|d15/1972:~doc|d20/1974:~doc|d31/1975:~doc|d6/1983:~0doc|d22/1989:~doc|d64/1989:~doc|d20/2004:~doc|d41/2007:~doc|d20/2014:~doc|d45/2014:~doc|d26/2018:YÖNo.16-1-2018 yasa.doc|d14/2020:9506924_Y.Ö.No 15-1-2018.docx|d65/2024:7276262_Ceza (Degisiklik) Yasası.docx|d17/2025:3337479_YÖ 70-3-2024 Ceza Resmi gazete.docx|d24/2026:4252616_24-2026 Ceza Değ YASASI.docx
Cezaevi Disiplin Yasası	d48/1995:~doc
Children (Amendment) Law	e22/1959:~doc
Co-operative Societies (Amendment) Law	e28/1959:~doc
Coğrafi İşaretlerin ve Geleneksel Özellikli Ürün Adlarının Korunması Yasası	e100/2007:~doc
Coğrafya İsimlerinin Standarlaşması Yasası	e28/1978:~doc|d31/1984:~doc
Colonial Development Loan Law	e32/1959:~doc
Contagious Diseases (Animals) (Amendment) Law	e17/1959:~doc
Court of Justice (Amentment) Law	e31/1959:~doc
Cumhur Başkanı ve Cumhur Başkan Muavini (Maaş ve Makamlar) Yasası	e12/1960:~doc
Cumhurbaşkanlığı Dairesi(Kuruluş,Görev ve Çalışma Esasları) Yasası	e11/1981:~doc|d13/1985:~doc|d36/1993:~doc
Cumhurbaşkanlığı ile Dışişleri ve Savunma Bakanlığı Dışişleri Dairesine Atama Yapılmasını Kolaylaştıracak (Geçici Kurallar) Yasası	e30/1984:~doc
Cumhurbaşkanlığı Seçimlerinin 15 Nisan 1995 Tarihinde yapılmasına ilişkin Yasa	e10/1995:~doc
Cumhurbaşkanlığı Senfoni Orkestrası (Kuruluş, Görev ve Çalışma Esasları) Yasası	e41/2014:~doc|d51/2017:279-5-2017 sen.docx
Cumhuriyet Meclisi Genel Sekreterliği Örgütü (Kuruluş, Görev ve Yönetim Ilkeleri)Yasası	d28/2000:~doc
Cumhuriyet Meclisi Genel Sekreterliği Örgütü (Kuruluş, Görev ve Yönetim İlkeleri) Yasası	d27/2012:y.o.no-34-4-2012.doc|d06/2013:6-2013-1.doc|d45/2023:5877026_38-2-2023-meclis.docx|d75/2023:9785695_yö.no 56-3-2023 meclis.docx
Cumhuriyet Meclisi Genel Sekreterliği Örgütü (KuruluşGörev ve Yönetim İlkeleri)Yasası	e51/1989:52-1989.doc|e51/1989:~doc
Cumhuriyet Meclisi Genel Sekreterliği Örgütü(KuruluşGörev ve Yönetim İlkeleri)Yasası	e46/1997:~doc
Cumhuriyet Ordusu(Teşhis ve Kaydedilme) Yasası	e8/1961:~0doc|d16/1962:~doc|d51/1963:~doc
Cumhuriyet Vatandaşlığı (Terk) Yasası	e20/1962:~doc
Cumhuriyetin Dış İşleri Hizmeti Yasası	e10/1960:10-1963.doc
Customs Tariff (Amendment) Law	e38/1959:~doc
Cyprus Broadcasting Corporation (Amendment) Law	e46/1959:~doc
Çalışma Dairesi (Kuruluş Görev ve Çalışma Esasları) Yasası	e7/1988:~0doc|d41/1995:~doc|e35/2000:~doc
Çalışma Dairesi (Kuruluş, Görev ve Çalışma Esasları) Yasası	d32/2017:252-5-2017d.docx
Çalışma Saatleri Yasası	d39/1989:~doc
Çavuş Statüsünün Verilmesine İlişkin Özel Af Yasası	e52/1992:~doc
Çevre Değişiklik Yasası	d36/2001:~doc
Çevre Koruma Dairesi (Kuruluş, Görev ve Çalışma Esasları) Yasası	e10/1989:~doc|d52/1993:~doc|d31/1994:~doc|d2/2001:~0doc|d20/2008:~doc
Çevre Yasası	e9/1990:1163815_09-1990.DOC|d71/1991:~doc|e21/1997:~doc|d24/2004:~doc|d51/2007:~doc|e18/2012:130-3-2010-iadeli olan.doc|d30/2014:~doc|d34/2020:487303_cevre yasası.docx|d08/2025:7597784_Çevre (Değ) YASASI.docx
ÇIRAKLIK VE MESLEK EĞİTİMİ (DEĞİŞİKLİK)	e45/2003:45_2003.doc
Çıraklık ve Meslek Eğitimi Yasası	e28/1988:~doc|e50/2003:50_2003.doc|d9/2007:~doc|d34/2012:cıraklik.doc|d29/2014:~doc|d17/2020:5768316_cıraklık 140-3-2020.docx
Çiftçi Borçlarının Düzenlenmesi Yasası	e29/1962:~doc
Çocuk Suçluları Yasası	d27/1995:~doc|d24/1998:~doc|d2/1999:~0doc
Çocuklar Yasası	d4/2005:~0doc|d65/2006:~doc
Dahili Telekominikasyon Servisi Yasası	d34/1962:~doc|d25/1963:~doc
Daimi İkamet İzni Yasası	e51/2015:daim yasa.doc|d41/2026:4151942_Daimi İkamet İzni Yasası web.docx
Damga Resmi Yasası	d30/1970:~doc
Değirmenlik İçme Suyu Islah Yasası	d59/1977:~doc
Deniz Ticaret (Gemilerin Kaydı Satış ve İpotek) Yasası	e45/1963:~doc
Deniz Ticaret (Gemilerin KaydıSatış ve İpotek) Yasası	d57/1988:~doc
Deniz Ticaret (Güvenlik Düzenleme ve Gemiciler) Yasası	d38/1963:~doc|d11/2000:~doc
Deniz Ticaret (Kaptan ve Gemiciler) Yasası	e46/1963:~doc
Deniz Ticaret (Vergi Yükleme Hükümleri) Yasası	e47/1963:~doc|d53/1988:~doc
Deprem ve Diğer Doğal Afetlere Yönelik Mali Yardım Kapsamında Kamu Okul ve Hastanelerinin Güçlendirilmesi veya Yeniden Yapılmasında Uygulanacak Yöntemler Hakkında (Geçici Kurallar) Yasası	e21/2026:3563045_Deprem - Geçici Kurallar Yasası (YGK No 248-5-2026).docx
Deprem ve Diğer Doğal Afetlere Yönelik Mali Yardım ve Hazırlık Yasası	e15/2023:4189040_deprem 20 Nisan 23.docx|d32/2023:9504185_32-2023 Deprem Yasası.docx
Dernekler Yasası	e23/2016:dern....docx|d37/2017:y.ö.no.79-5-2017.doc|d28/2018:ytno.36-1-2018  yasa.docx
Destebanlar Yasası	d5/1961:~0doc|d3/1989:~0doc
Devlet Basımevi (Kuruluş, Görev ve Çalışma Esasları) Yasa Tasarısı	d29/1999:~doc
Devlet Basımevi (Kuruluş, Görev ve Çalışma Esasları) Yasası	e19/1978:~doc|d19/1994:~doc|d42/1999:~doc
Devlet Basımevi (Kuruluş, Görev Ve Çalışması Esasları)	d42/2001:~doc
Devlet Basımevi Yasası	d3/1984:~0doc
Devlet Emlak ve Malzeme Dairesi (Kuruluş, Görev ve Çalışma Esasları)Yasası	e15/1987:~doc
Devlet Emlak ve Malzeme Dairesi Tarafından Döviz Cinsinden Yapılmış Olan Sözleşmelerden Aylık Kira Bedeli Dört Bin Amerikan Doları ve Altında Olanların 1 Mart 2019 – 31 Aralık 2019 Dönemi Kira Ödemelerinde Döviz Kurunun Sabitlenmesinin Düzenlenmesine İlişkin (Geçici Kurallar) Yasası	e20/2019:5-1-18 ygk.docx
Devlet Hastahaneleri (İsimlendirme)Yasası	e26/1981:~doc
Devlet Kefalet(Teminat) Yasası	d43/1990:~doc
Devlet Labaratuvarları (Kuruluş, Görev ve Çalışma Esasları) Yasası	d42/1993:~doc|d9/1999:~0doc
DEVLET LABORATUVARI (KURULUS, GÖREV VE ÇALISMA ESASLARI) YASASI	e82/1991:~doc
Devlet Laboratuvarı (Kuruluş, Görev ve Çalışma Esasları) Yasası	e3/1983:~0doc|e82/1991:~doc|d42/2025:6014858_Devlet_Labor. YASASI.docx
Devlet Laboratuvari (Kurulus, Görev ve Çalisma Esaslari) Yasasi	d85/2009:85-2009s.doc
Devlet Planlama Örgütü Yasası	d42/1982:~doc|d21/1994:~doc|d59/1995:~doc
Devlet Planlama Örgütü Yasasını Değiştiren Yasa	e47/1983:~doc
Devlet Planlama Örgütünün Kurulması Hakkında Yasa	e33/1976:~doc
Devlet Tiyatroları (Kuruluş, Görev ve Çalışma Esasları) Yasası	e10/1990:~doc|d37/1994:~doc
Devlet Üretme Çiftlikleri Dairesi (Kuruluş Görev ve Çalışma Esasları) Yasası	d73/2005:~doc
Devlet Üretme Çiftlikleri Dairesi (Kuruluş, Görev ve Çalışma Esasları) Yasası	d36/1994:~doc
Devlet Üretme Çiftlikleri Dairesi (Kuruluş, Görev ve Çalışma Esasları)Yasası	e11/1990:~doc
Devlet, Kurumsal, Şehit ve Kayıp Şehit Cenaze Törenlerine İlişkin Kuralları Düzenleyen Yasa	e31/2014:~doc
Dış Ticaret (Düzenleme ve Denetim) Yasası	e12/1983:~doc|d46/1990:~doc|d22/1996:~doc
Dışişleri Bakanlığı (Ek Görevler) Yasası	e25/1961:~doc
Dışişleri Dairesi (Kuruluş, Görev ve Çalışma Esasları) Yasası	e19/1983:~doc|d14/1985:~doc|d51/1987:~doc|d45/2000:~doc|e56/2002:~doc|e56/2002:~doc|d24/2005:~doc|d21/2006:~doc|d53/2006:~doc|d60/2007:~doc|d26/2008:~doc|d26/2009:~doc|d09/2010:~doc|e15/2013:236-4-2012-1.doc
Dijital Dönüşüm ve Elektronik Devlet Kurumu Yasası	e76/2023:7845833_İÇ DÜZEN VE E DEVLET YASASI.docx
Dilekçelerin İncelenmesini Düzenleyen Yasa	e30/1976:~doc
Din Işleri Dairesi (Kuruluş, Görev ve Çalışma Esasları) Yasası	e30/2001:~doc|e34/2001:~doc
DİN İŞLERİ DAİRESİ (KURULUŞ, GÖREV VE ÇALIŞMA ESASLARI ) (DEĞİŞİKLİK) YASASI	e74/2003:74_2003.doc
DİN İŞLERİ DAİRESİ (KURULUŞ, GÖREV VE ÇALIŞMA ESASLARI)	e31/2002:31.2002.doc
Din İşleri Dairesi (Kuruluş, Görev ve Çalışma Esasları) Yasası	e29/1993:~doc|d55/2017:onay din.docx
Din İşleri Dairesi Kuralı	e6/1971:~0doc
Dini Guruplar ve Vatandaşlar (Hiyar Hakkı Kullanma Tarzı)Yasası	e7/1960:~0doc
Diplomatik Hak Dokunulmazlık ve Ayrıcalıklar Yasası	e28/1983:~doc|d75/1991:~doc
Disiplin Mahkemeleri (Kuruluş, Disiplin Kabahat ve Cezaları ve Yargılama Usulü) Yasası	e13/1979:~doc|d8/1991:~0doc|d18/1992:~doc
Disiplin Mahkemeleri Kuruluşu, Disiplin Kabahat ve Cezaları	e19/2006:~doc
Diş Tabipleri Kayıt Yasası	d76/1962:~doc|d6/1970:~0doc
Diş Teknisiyenlerinin Görev Ve Çalışma Esasları Yasası	d17/2004:~doc
Diş Teknisyenlerinin Görev ve Çalışma Esasları Yasası	d17/2005:~doc
Diş Teknisyenlerinin Görev ve Çalışma Esasları Yasası	e33/1983:~doc
Doğu Akdeniz Üniversitesi Kuruluş Yasası	e18/1986:~doc|d39/1992:~doc
Doğum ve Ölüm Kayıt Yasası	d9/2004:~0doc
DOĞUM VE ÖLÜMLERİ KAYIT (DEĞİŞİKLİK) YASASI	d29/1985:~doc|d23/1991:~doc|d28/1993:~doc|e32/2003:32_2003.doc
Doğum ve Ölümlerin Kaydı Yasası	d43/2026:3172631_351-5-2026 Doğum ve Ölümleri Kayıt.docx
Doğum ve Ölümlerin Kayıdı İle Kanunları Tadil Eden Ve Birleştiren Kural	e2/1975:~0doc
Dolu ve Pas Hastalığı Kısmi Tazminat Fonu Yasası	e24/1976:~doc
Domestic Servants (Employment of Children and Young Persons) (Amendment) Law	e23/1959:~doc
Döviz İstikrar Fonu Yasası	e4/1979:~0doc
Dr. Fazıl Küçük (Anısını Yaşatma) Yasası	e47/1997:~doc|d12/2017:60-4-2016.docx
Dul ve Yetimler Emeklilik (Özel Hükümler) Yasası	e44/1962:~doc|d52/1963:~doc
Dul ve Yetimler Emeklilik Yasası	d43/1962:~doc
Düşün ve Sanat Ürünlerini Derleme Yasası	e32/2000:~doc
Eczacılık ve Zehirler Yasası	d59/1962:~doc|d5/1970:~0doc|d21/1976:~doc|d69/1991:~doc|d69/1991:~doc|d36/1995:~doc|d23/2004:~doc|d16/2014:~doc|d17/2014:~doc
Eğitim Ortak Hizmetler Dairesi (Kuruluş, Görev ve Çalışma Esasları) Yasas	d10/2009:~doc
Eğitim Ortak Hizmetler Dairesi (Kuruluş, Görev ve Çalışma Esasları) Yasası	e56/1993:~doc|e56/1993:~doc|d27/1994:~doc|d27/1999:~doc|d78/2007:~doc
Eğitim Vakfı ve Doğu Akdeniz Üniversitesi Kuruluş Yasası	d58/1992:~doc|d37/1997:~doc
ek3	e24/2008:3.__B_CETVEL_15.doc
ek5	e24/2008:5.__C_CETVEL_17.doc
ek7	e24/2008:7.__D_CETVEL_22.doc
ek8	e24/2008:9._24_E_CET_HARCAMA.doc
ek9	e24/2008:10.25-34_sayfa_E_CET_HIFormul.doc
Elections (President and Vice-President of the Republic) (Amendment) Law	e41/1959:~doc|e43/1959:~doc
Elektrik İnkişaf Yasası	d16/1960:~doc|d16/1960:~doc|d24/1963:~doc
Elektrik Kalkınma Yasası	e40/1959:~doc
Elektrik Santralı İnşaat Gelirleri Vergi Muafiyet Yasası	e39/1991:~doc
Elektrik Yasası	d21/1990:~doc|d66/1993:~doc|d66/1993:~doc
Elektronik Haberleşme Yasası	e06/2012:33-2-2009.doc|d21/2014:~doc|d39/2016:Y.O.No54-55-4-2016birles.doc|d27/2019:Y.T. 34-1-2018 (1).docx|d31/2019:Y.O.No 23-2-2019 (1).docx|d11/2022:7994462_YTNo.12-1-2022 elek.docx|d23/2025:2908726_yt. 269-4-2025-elektronik haberleşme.rtf
Elektronik Imza	d10/2010:~doc
Elektronik İmza Yasası	e93/2007:~doc|d02/2011:~doc|d43/2011:~doc
Elemantary Education (Amendment) Law	e21/1959:~doc
Emekli Maaşlarına Zam Yasası	e1/1971:~0doc
Emekli Sandığı Fonu Yasası	d64/2007:~doc
Emeklili Yasası	d38/2001:~doc
EMEKLİLİK (DEĞİŞİKLİK) YASASI	d14/1971:~doc|d2/1972:~0doc|e26/1977:~doc|d9/1979:~0doc|d18/1980:~doc|d26/1982:~doc|d54/1982:~doc|d14/1983:~doc|d22/1983:~doc|d20/1985:~doc|d3/1986:~0doc|d3/1986:~0doc|d14/1987:~doc|d38/1987:~doc|d18/1990:18-1980.doc|d4/1990:~0doc|d50/1990:~doc|d35/1997:~doc|d23/1998:~doc|d36/2000:~doc|d29/2001:~doc|e23/2002:23.2002.doc|e21/2003:21_2003.doc|e71/2003:~doc|d14/2004:~doc|d30/2005:~doc|d61/2005:~doc|d64/2006:~doc|d98/2007:~doc|d49/2008:~doc|d69/2009:69-2009s.doc|d40/2010:~doc|d25/2013:yasaemekli.doc|d48/2017:emeklılık.docx|d48/2020:7253211_EMEKLİLİK.docx|d13/2021:5984778_emeklilik 239-4-2021.docx|d19/2021:7264046_Emeklilik Yasası....docx|d53/2023:9774784_yt.no.39-2-2023-EMEKLİLİK.docx|d06/2024:8418474_Emeklilik (Değişiklik) Yasası.docx|d20/2024:7702813_20-2024 Emeklilik HP.docx|d63/2026:9621085_Emeklilik yasa.docx
EMEKLİLİK (GEÇİCİ KURALLAR) YASASI	e30/2002:30.2002.doc
Emeklilik Geliri Elde Edenlerin Başka Herhangi Bir Gelir Elde Etmeleri Halinde Kişisel İndirim ve Çocuk İndiriminden Yararlanamayacağına İlişkin Yasa	e39/2025:2478616_71-3-2020 Emeklilik Geliri Elde Edenler -Yasası.docx
Emeklilik Kanununu Tadil Eden Kural	e5/1971:~0doc
Emeklilik Maaşlarından Yapılan Vergi Kesintilerinin İadesine İlişkin (Geçici Kurallar) Yasası	e05/2018:YGK21-5-2017.docx
Emeklilik Sandığı Fonu Yasası	e39/1987:~doc|d36/1997:~doc
Emeklilik Yasasında Hayat Pahalılığı Ödeneği Hakkını Düzenleyen 31’inci Maddenin Uygulanmasının Durdurulmasına İlişkin (Geçici Kurallar) Yasası	e18/2011:~doc|e17/2015:~doc
Emeklilik Yasasının 31inci Maddesinde Düzenlenmiş Olan Hayat Pahalılığı Ödeneği Hakkının Yeniden Düzenlenmesine İlişkin Yasa	e66/2009:~doc
Emeklilik Yasasının Hayat Pahalılığı Ödeneği Hakkını Düzenleyen 31’inci Maddesinin Uygulanmasının 3 Ay Süre İle Durdurulmasına İlişkin (Geçici Kurallar) Yasası	e52/2018:emeklilik.docx
Emlakçıların Kayıt ve İşlemleri Yasası	e38/2007:38-2007b.doc|e38/2007:38-2007b.doc|d42/2024:8910902_Yasa 193-3-24.docx
Emniyet Kemeri Yasası	e29/2012:yasa175-4-2011.doc|d11/2017:137-3-2015.doc
Emtia ve Hizmetler (Düzenleme ve Kontrol) Yasası	e32/1962:~doc|d10/1963:~doc|d1/1975:~0doc
Endüstri, Ticaret ve İşletmecilik (ETİ) Teşebbüsleri (Ltd) Belli İmtiyazlar) Yasası	e36/1970:~doc
Endüstriyel Eğitim ve Verimlilik Merkezi (Kuruluş ve Görev) Yasası	e25/1977:~doc
Enflasyon Ortamında Temel Finansal Tabloları Düzenleme Esasları Yasası	e37/1998:~doc
Enformasyon Dairesi (Kuruluş, Görev ve Çalışma Esasları) Yasası	e46/1988:~doc|d58/1991:~doc|d49/2006:~doc|d8/2007:~doc
Engellileri Koruma, Rehabilite ve İstihdam Yasası	d39/2014:~doc|d50/2020:2852131_engelliler.docx|d47/2023:5377033_Yt. No. 124-2-2023-engelliler.docx
Ercan Havaalanı Yer Hizmetleri Hakkında Yasa Gücünde Kararnamenin Yürürlükten Kaldırılmasına İlişkin Yasa	e17/2018:ercan yürürlükten kaldırma.docx
Eski Eserler ve Müzeler Dairesi (Kuruluş, Görev ve Çalışma Esasları) Yasası	e23/1989:8773097_23-1989.DOC|d41/1992:~doc|d25/1994:~doc
Eski Eserler Yasası	e35/1975:~doc|d35/1977:~DOC|d35/1977:~doc|e60/1994:~doc|d13/2001:~doc|d14/2017:Eski Eserler.docx
Esnaf ve Zanaatkarlar Odası Yasası	e68/1993:~doc|e68/1993:~doc|d18/2001:~doc
EURONUN HUKUKİ ARAÇLARA ETKİSİ YASASI	e1/2002:01.2002.doc.doc|d95/2007:~doc
Ev Hizmetleri (Çocuklar ve Genç Kişilerin çalıştırılması) Yasas	d41/1961:~doc
Evcaf and Vakfs (Amendment) Law	e27/1959:~doc
Evlenme ile ilgili Resimler Yasası	d13/1974:~doc|d34/1985:~doc|d33/1991:~doc|d37/1995:~doc
Evlenme Yasası	e4/1962:~0doc
Evlilik Dışında Doğan Çocuklar Yasası	e22/2021:9630445_evlilik dışı.docx
Fabrikalar Yasası	d27/1978:~doc
FAİZ FARKI FONU YASASI	e28/1960:28-2003.doc|e28/2003:~doc
Faiz Farkı Fonu Yasası Uyarınca Fondan Yapılacak Faiz İadesi Uygulama Alanlarının Genişletilmesine İlişkin Yasa	e53/2009:~doc
Faizci Olarak İş Yapan Şahıslarla İlgili Hükümleri Koyan Kanun	e72/1962:~doc
Faizciler Yasası	e72/1962:~DOC
Faktoring Yasası	e52/2007:~doc
Ferdi Olmayan Özel Af Yasası	e5/1994:~0doc
Ferdi Özel Af Yasası	e54/2000:~doc
Finansal İşlemler Vergisi Yasası	e62/2026:8700713_Finansal İşlemler Vergisi Yasası.docx
Finansal Kiralama Yasası	e45/2007:~doc|d06/2011:~doc
Finansal Kiralama, Faktoring ve Finansman Şirketleri İle Tefeciliğin Önlenmesine İlişkin Yasa	e43/2020:3432756_fınansal Kiralama.docx
Firearms (Amentmend) Law	e11/1959:~doc
Fiyat Istikrar Fonu Yasası	d6/2000:~0doc
Fiyat İstikrar Fonu Yasası	e26/1978:~doc|d54/1983:~doc|d31/1986:~doc
FON KAYNAKLARININ KULLANIMINA YETKİ VEREN (DEĞİŞİKLİK) YASASI	e7/2003:~doc|d68/2005:~doc
Fon Kaynaklarının Kullanımına Yetki Veren Yasa	e43/1992:~doc
Forest Cyprus Corporation Andlaşması Tasdik Yasası	e77/1962:~doc
Forest Cyprus Corporation Petrol Arama Hükümleri	e26/1963:~doc
Fuarlar Yasası	e26/1984:~doc
Gayrı Menkul Mal(Şehirler Vergisi)Yasası	e89/1962:~doc
Gece Kulüpleri ve Benzeri Eğlence Yerleri Yasası	e7/2000:~0doc|d30/2007:~doc
Gecikmiş Sosyal Güvenlik Prim Borçları ve Gecikme Zamlarının Ödeme Planı ile İlgili Kuralların Düzenlenmesine İlişkin (Geçici Kurallar) Yasası	e50/2011:~doc
Gecikmiş Sosyal Güvenlik Prim Borçları ve Gecikme Zamlarının Ödeme Planı ile İlgili Kuralların Düzenlenmesine İlişkin Yasa	e22/2012:~doc
Gecikmiş Sosyal Sigorta Prim Borçları ve Gecikme Zamlarının Ödeme Planı ile İlgili Kuralların Düzenlenmesine İlişkin (Geçici Kurallar) Yasası	e51/2011:~doc
Gecikmiş Sosyal Sigorta Prim Borçları ve Gecikme Zamlarının Ödeme Planı ile İlgili Kuralların Düzenlenmesine İlişkin Yasa	e50/2009:~doc|e23/2012:~doc
Geçici Mali Kurallar Yasası	d10/1982:~doc
Geçici Mali Kurallar Yasası, 1982	e8/1982:~0doc
Geçici Mali Kurallar Yasası, 1984	e4/1984:~0doc
Geçici Personelin Kadrolanması(Özel Kuralllar) Yasası	e22/1984:~doc|d36/1984:~doc|d37/1984:~doc|d8/1985:~0doc
Gelir ve Vergi Dairesi (Kuruluş, Görev ve Çalışma Esasları) Yasası	e65/1988:~doc|d56/1992:~doc|d51/2000:~doc|d25/2016:201-4-2016.docx
Gelir Vergisi (Yabancı Şahıslar) Yasası	e58/1961:~doc
Gelir Vergisi Yasası	d14/2001:~doc
Gelir Vergisi Yasası	e24/1982:~doc|d11/1985:~doc|d67/1987:~doc|d16/1989:~doc|d20/1990:~doc|d22/1991:~doc|d14/1992:~doc|d20/1992:~doc|d69/1993:~doc|d69/1993:~doc|d21/1995:~doc|d1/1997:~0doc|d16/1998:~doc|d4/1998:~0doc|d3/1999:~0doc|e41/2002:41.2002.doc.doc|e73/2003:73_2003.doc|d13/2005:~doc|d34/2005:~doc|d56/2006:~doc|d15/2007:~doc|d53/2007:~doc|d67/2007:~doc|d03/2010:~doc|d39/2010:~doc|d45/2010:~doc|d33/2011:~doc|d53/2011:~doc|d50/2014:~doc|d14/2019:gelir.doc|d34/2024:5118580_Gelir Vergisi (Değişiklik) Yasası.docx|d31/2025:5065930_Gelir_Vergisi_(Degisiklik)_Yasası 173-3-2024.docx|d25/2026:1876020_261-4-2024 Gelir Vergisi (Değ) Yasası.docx
Gelir Vergisi Yasasının 31inci Maddesi İle Düzenlenen Taşınmaz Mal Satış Kazançları Üzerinden Kesilen Vergi Stopajının Yeniden Düzenlenmesine İlişkin Yasası	e58/2009:~doc
Gemi Adamlarının Eğitim,Belgelendirme ve Vardiya Standartları Hakkında Uluslararsı Sözleşme 1978 ve Eklerinin Onaylanmasının Uygun bulunmasına İlişkin Yasa	e64/1999:~doc
Gemilerden Denizin Kirlenmesinin Önlenmesi Hakkında Uluslararsı Sözleşme ve Eklerin Uygun Bulunmasına İlişkin Yasa	e60/1999:~doc
Gemilerle Ilgili Harçlar ve Ücretler Yasasi	d31/2001:~doc|d21/2010:~doc
Gemilerle İlgili Harçlar ve Ücretler Yasası	e49/1992:~doc|e83/2007:~doc|d43/2019:gemiler.doc
Gemilerle İlgili Harçlar ve Ücretler( Değişiklik) Yasası	d32/2012:230-4-2012.doc
Gençlik Dairesi (Kuruluş, Görev ve Çalışma Esasları) Yasası	e4/1987:04-1988.doc|e4/1988:~0doc|e4/1988:~0doc|d10/1993:~doc|d32/1994:~doc|d39/2005:~doc|d23/2022:1560977_gençlik.docx
Genel Gıda ve Yem Yasası	e56/2014:~docx
Genel Kadro Yasası	e16/1981:~doc|e16/1981:~doc|e16/1981:~doc|d30/1981:~doc|d38/1983:~doc|d18/1984:~doc|d10/1985:~doc
Genel Muhasebe Yasası	e17/1999:~doc
Genel Orta Öğretim Dairesi (Kuruluş, Görev ve Çalışma Esasları) Yasası	e50/1989:~doc|d41/1994:~doc|d26/1997:~doc
Genel Ortaöğretim Dairesi (Kuruluş, Görev ve Çalışma Esasları) Yasası	d81/2007:~doc|d12/2009:~doc|d38/2026:3412078_yt.no. 383-5-2026 genel ortaöğretim dairesi değişiklik.docx
Genel Tarım Sigortası Yasası	e40/1982:~doc|d47/1995:~doc
Girne ve Lefkosa Bölgelerinde Sel Felaketinden Etkilenenlerden, Kibris Türk Sosyal Sigortalar Yasasi Kurallari Uyarinca Kaynaklanan Gecikme Zamlarinin Tahsili ile Ilgili Kurallarin Düzenlenmesine Iliskin Yasa	e28/2010:~doc
Girne ve Lefkosa Bölgelerinde Sel Felaketinden Etkilenenlerden, Sosyal Güvenlik Yasasi Kurallari Uyarinca Kaynaklanan Gecikme Zamlarinin Tahsili ile Ilgili Kurallarin Düzenlenmesine Iliskin Yasa	e27/2010:~doc
Gümrük İdare Yasası	d26/1961:~doc|d36/1963:~doc|d76/1963:~doc|d9/1978:~0doc
Gümrük Tarifeleri Yasası	d17/1960:~doc|d17/1960:~doc
Gümrük Tarifesi (Tadil) Yasası	e12/1963:~doc|e12/1963:~doc|e3/1963:~0doc|e3/1963:~0doc|e37/1963:~doc|e4/1963:~0doc|e80/1963:~doc
Gümrük Tarifesi Yasası	e32/1961:~doc
Gümrük ve İstihsal Vergileri Tarife Yasası	d15/1978:~doc|e6/1978:~0doc|e42/1991:~doc|e42/1991:~doc
Gümrük ve İstihsal Yasası	e37/1983:~doc|d38/1988:~doc|d16/1990:16-1991.doc|d16/1991:~doc|d48/1991:~doc|d16/1992:~doc|d29/1995:~doc|d14/2006:~doc|d35/2011:~doc|d37/2025:1204322_Gümruk ve İstihsal (Deg)  Yasası.docx
Gümrük ve Rusumat Dairesi (Kuruluş, Görev ve Çalışma Esasları)	e44/1999:~doc
Gümrük ve Rusumat Dairesi (Kuruluş, Görev ve Çalışma Esasları) Yasası	e46/1982:~doc|d40/1989:~doc
GÜMRÜK VE RÜSUMAT DAİRESİ (KURULUŞ, GÖREV VE ÇALIŞMA ESASLARI) (DEĞİŞİKLİK) YASASI	e14/2003:14_2003.doc|e15/2003:15_2003.doc|e54/2003:54_2003.doc|d46/2024:1143106_ytno. 214-3-2024 gümrük.doc
Gümrük Vergileri Tarife Yasası	e44/1996:~doc|d19/1997:~doc|d15/2024:4643540_15-2024-Gümrük V.T. (Değ) Yasası.docx
GÜVENLIK KAMU GÖREVLILERI	d83/2009:83-2009ek.doc
GÜVENLİK KAMU GÖREVLİLERİ (DEĞİŞİKLİK NO:3)YASASI	e67/2002:67.2002.doc
Güvenlik Kamu Görevlileri Yasası	e15/1979:~doc|d28/1981:~doc|d1/1982:~0doc|d17/1982:~doc|d10/1984:~doc|d33/1984:~doc|d7/1985:~0doc|d37/1986:~doc|d33/1987:~doc|d62/1987:~doc|d62/1987:~doc|d62/1987:~doc|d12/1988:~doc|d30/1988:~doc|d15/1989:~doc|d5/1990:~0doc|d12/1991:~doc|d24/1991:24-1992.doc|d81/1991:~doc|d81/1991:82-1991.doc|d13/1992:~doc|d24/1992:~doc|d4/1993:~0doc|d54/1993:~doc|d54/1993:~doc|d54/1993:~doc|d3/1994:~0doc|d20/1995:~doc|d9/1995:~0doc|d10/1996:~doc|d13/1996:~doc|d18/1997:~doc|d14/1998:~doc|d35/1998:~doc|d5/1999:~0doc|d17/2000:~doc|d5/2000:~0doc|d15/2001:~doc|e24/2002:24.2002.doc|e40/2002:~doc|e40/2002:40.2002.doc.doc|d70/2002:~doc|e46/2003:46_2003.doc|e6/2003:~doc|e65/2003:65_2003.doc|d37/2004:~doc|d31/2005:~doc|d33/2005:~doc|d43/2006:~doc|d58/2007:~doc|d87/2007:~doc|d76/2009:~doc|d30/2012:151-3-2011.doc|d35/2013:güvkamu.doc|d07/2015:y.t.130-3-2015zzz.doc|d45/2015:güv-kam.doc|d32/2016:94-2-2014-birl yasa.doc|d42/2017:265-5-2017.docx|d17/2019:guvenlikkamu.docx|d04/2020:3030708_guv.docx|d24/2024:3843461_24-2024 Güvenlik HP.docx|d03/2025:7265770_Güvenlik Kamu Görevlisi.pdf|d09/2026:2143497_528488_yt.no. 292-4-2025-güvenlik kamu görevlileri (1).docx
Güvenlik Kamu Görevlileri Yasasının 28inci Maddesinin (1)inci Fıkrasında Düzenlenmiş Olan Hayat Pahalılığı Ödeneği Hakkının Yeniden Düzenlenmesine İlişkin Yasası	e59/2009:~doc
Güvenlik Kamu Görevlileri Yasasının Hayat Pahalılığı Ödeneği Hakkını Düzenleyen 28’inci Maddesinin Uygulanmasının 3 Ay Süre ile Durdurulmasına İlişkin (Geçici Kurallar) Yasası	e51/2018:YGK 37-2-18 guvenlik.docx
Güvenlik Kamu Görevlileri Yasasının Hayat Pahalılığı Ödeneği Hakkını Düzenleyen 28’inci Maddesinin Uygulanmasının Durdurulmasına İlişkin (Geçici Kurallar) Yasası	e22/2011:~doc|e13/2015:~doc
Güvenlik Kuvvetleri Güçlendirme Kurumu Yasası	e13/1981:~doc|d9/1982:~0doc|d23/1983:~doc|d10/1988:~doc|d80/1991:~doc|d22/1995:~doc
Güvenlik Kuvvetleri Iç Hizmetler Yasası	d57/2000:~doc
Güvenlik Kuvvetleri İç Hizmet Yasası	d31/2016:93-2-2014 yasa.doc
Güvenlik Kuvvetleri İç Hizmetler Yasası	e35/1986:~doc
GÜVENLİK KUVVETLERİ MAHKEMESİ İLE GÜVENLİK KUVVETLERİ YARGITAYININ KURULUŞU VE YARGILAMA USULÜ (DEĞİŞİKLİK) YASASI	e34/1983:~doc|e34/1983:~doc|d21/1984:~doc|d27/1984:~doc|d61/1987:~doc|d24/1990:~doc|d9/1991:~0doc|e13/2002:13.2002.doc.doc|d33/2004:~doc|d07/2009:~doc|d22/2026:318954_22-2026 Yasa.docx
Güvenlik Kuvvetlerinin (Kuruluş, Görev ve Çalışma Esasları) Yasası	e29/1976:~doc
Güzel Sanatlarda Olağanüstü Yetenekli Çocukların Devlet Tarafından Yetiştirilmesi Yasası	e45/1983:~doc
Güzelyurt Bölgesinde Sel Felaketinden Etkilenenlerin Kıbrıs Türk Sosyal Sigortalar Yasası Kuralları Uyarınca Ödenecek Gecikme Zammından Muaf Tutulacağı ile Ilgili Kuralların Düzenlenmesine İlişkin Yasa	e15/2010:~doc
Güzelyurt Bölgesinde Sel Felaketinden Etkilenenlerin, Sosyal Güvenlik Yasasi Kurallari Uyarinca Ödenecek Gecikme Zammindan Muaf Tutulacagi ile Ilgili Kurallarin Düzenlenmesine Iliskin Yasa	e31/2010:~doc
Güzelyurt Tarım Meslek Lisesi Kuruluş Yasası	e31/1977:~doc
Hak Düşümü ve Zamanaşımı Sürelerinin Durdurulması (Geçici Kurallar) Yasası	e30/2020:8412406_hak.docx
Haksız Fiiller Yasası	d10/1980:~doc|d39/1983:~doc
Hal Yasası	e09/2023:7222746_HAL YASASI 9-2023.docx
Hali Araziler (İcarlama ve Yönetim) Yasası	e53/1989:~doc|d29/2006:~doc|d39/2011:~doc|d39/201:39-2011.doc
Halkoylaması Yasası	e7/1975:~0doc|d9/1975:~0doc
HARİTA DAİRESİ (KURULUŞ, GÖREV VE ÇALIŞMA ESASLARI) YASASI	e3/2002:03.2002.doc.doc|d24/2017:Harita.docx
Hastabakıcılık ve Ebelik Yasası	d40/1962:~doc|d7/1970:~0doc|d22/1976:~doc|d28/1982:~doc
Hastahaneleri İnşa ve Techizat Fonu Yasası	d60/1977:~doc
Hastahaneleri Kontrol Yasası	e12/1969:~doc
Hava Alanları ve Limanlar (Ücretler)Yasası	e30/1975:~doc|d10/2000:~doc
Hava Kurumu Yasası	e39/1990:~doc
Hava Limanları Hizmetler ve Limanlar (Ücretleri) Yasası	e05/2013:yasahava.doc|d11/2020:8846858_Y.T 123-3-2019.docx
Havaalanları Yasası	d39/2008:~doc
Hayvan Refahı Yasası	e08/2013:yasahay.doc
Hayvan Sağlığı Yasası	e41/2012:~doc
Hayvan Tezkereleri Yasası	d9/1989:~0doc
Hayvancılık Dairesi (Kuruluş, Görev ve Çalışma Esasları Yasası	e40/1990:~doc|e40/1990:~doc|d29/1994:~doc
Hayvancılık Dairesi (Kuruluş, Görev ve Çalışma Esasları) Yasası	d6/2007:~doc
Hayvanların ve İşletmelerin Tanımlanması ve Kaydı Yasası	e07/2008:~doc|d06/2019:YT-51-1-2018.docx
Hazine Malları Yasası	e32/1983:~doc|d40/2012:hazine.doc
Hazine ve Muhasebe Dairesi (Kuruluş, Görev ve Çalışma Esasları) Yasası	e47/1987:~doc
Hemşirelik Meslek Yüksek Okulu (Kuruluş, Görev ve Çalışma Esasları) Yasası	e63/1994:~doc
Her Türlü Maaş, Ücret ve Maaş Nitelikli Ödemeler ile Emekli Maaşlarından Yapılacak Olan Kesintilere İlişkin (Geçici Kurallar) Yasası	e04/2021:1016641_199 4 21.docx
Hileli Mal Yürütmelerini Önleme (Geçici Hükümler) Yasası	e4/1969:~0doc
Hudut Komisyonu Yasası	e31/1961:~doc
HUKUK DAİRESİ (DEĞİŞİKLİK) YASASI	d43/1977:~doc|d16/1978:~doc|d25/1980:~doc|d20/1981:~doc|d14/1982:~doc|d57/1982:~doc|d12/1984:~doc|d3/1985:~0doc|d30/1985:~doc|d23/1986:~doc|d13/1988:~doc|d42/1988:~doc|e72/1991:~doc|d48/1994:~doc|d42/1995:~doc|d58/2000:~doc|e61/2002:61.2002.doc|d27/2006:~doc|d02/2024:4399407_Hukuk Dairesi (Değişiklik) Yasası.docx
HUKUK MUHAKEMELERİ USULÜ (DEĞİŞİKLİK) YASASI	d9/1971:~0doc|d23/1984:~doc|e31/2003:31_2003.doc|d86/2007:~doc|e43/2012:HUK43-2012.doc|d13/2013:yasahukuk.doc|d12/2014:~doc|d37/2019:hukuk (2).docx
Huzurevi Yasası	e71/1989:~doc
Hükümet Arazileri Yasası	d14/1972:~doc
Hükümetin Kefalet Teminatı Vermesi ile ilgili Kuralları Düzenleyen Yasa	e17/1977:~doc
Hükümlü Borçlular (Bazı Menkul Malların Satışının Tahdidi) Yasası	e12/1961:~doc|d13/1962:~doc|d25/1962:~doc
Hüseyin Yalçıner'in Mahkumiyet Kararının Kayıtlardan Silinmesi İçin Af Yasası	e44/1987:~doc
Ihtiyat Sandığı Yasası	d18/2000:~doc|d25/2001:~doc
Is Yasasi	d50/2010:~doc
İcra Heyeti Başkanlık Dairesi İnşaat Servisi Yasası	e0/1960:TCM13-60.doc
İcra Heyeti Başkanlık Dairesi Memur Kadrosu Yasası	e0/1960:TCM03-60.doc
İdare Komiseri (Obudsman) Tayin Edilmesi Yetkileri Ve Diğer İlgili Hususları Düzenleyen Kural	e6/1973:~0doc
İhracatı Teşvik Yasası	e9/1977:~0doc
İhtiyat Sandığı Fonu Kapsamında Yerli İstihdamın Desteklenmesine Yönelik Prim Uygulamasına İlişkin Yasa	e49/2009:~doc
İhtiyat Sandığı Yasası	d11/1974:~doc|e34/1993:~doc|d65/1993:~doc|d65/1993:~doc|e50/2002:50.2002.doc|e47/2003:47_2003.doc|e68/2003:68_2003.doc|d30/2004:~doc|d41/2004:~doc|d74/2007:~doc|d27/2008:~doc|d06/2010:~doc|d04/2012:171-3-2011z.doc
İktisadi Kalkınma Teşvik Fonu Tesis Kuralının Yürürlükten Kaldırılması Yasası	e24/2014:24-2-2014.doc
İktisadi Kalkınma Teşvik Fonu Tesis Yasası	e12/1971:~doc
İlaç ve Eczacılık Dairesi (Kuruluş Görev ve Çalışma Esasları) Yasası	d5/2001:~0doc
İlaç ve Eczacılık Dairesi (Kuruluş, Görev ve Çalışma Esasları) Yasası	e58/1987:~doc|d48/1993:~doc|d7/1998:~0doc|d11/1999:~doc
İlk Öğretim Dairesi (Kuruluş, Görev ve Çalışma Esasları) Yasası	e68/1989:~doc|d39/1994:~doc|d25/1997:~doc
İlköğretim Dairesi (Kuruluş, Görev ve Çalışma Esasları) Yasası	d79/2007:~doc|d09/2009:~doc|d39/2026:2041696_yt.no. 384-5-2026 ilköğretim dairesi değişiklik.docx
İmar Yasası	e55/1989:~doc
İndirimli Tahsilata İlişkin (Geçici Kurallar) Yasası	e58/2017:İndirim.docx
İnkişaf Fonu ve Tahsisat Yasası	e7/1961:~0doc
İnkişaf Sahaları (Encümenlerin Devamı ve Muteber Kılma)Yasası	e21/1961:~doc
İnsan Hücre, Doku ve Organ Nakli ile İlgili Kuralları Düzenleyen Yasa	e57/2014:~doc
İnsan Hücre, Doku ve Organ Nakli İle İlgili Kuralları Düzenleyen Yasası	d49/2025:1439119_İnsan Hücre Doku YASASI.docx
İnşaat (Baf Depremi) Yasağı (Kaldırma) Yasası	e8/1962:~0doc
İskan Topraklandırma ve Eşdeğer Mal Yasası	e41/1977:~doc|e41/1977:~doc|d5/1981:~0doc|d27/1982:~doc|d23/1985:~doc|d3/1988:~0doc|d12/1989:~doc|d44/1990:~doc|d44/1990:~doc|d24/1991:~doc|d53/1991:~doc|d17/1992:~doc|d6/1994:~0doc|d52/1995:~doc
İskan ve Rehabilitasyon Dairesi (Kuruluş, Görev ve Çalışma Esasları) Yasası	e43/1989:~doc|d62/1995:~doc
İskan, Topraklandırma ve Eşdeğer Mal Yasası	d39/1998:~doc|d28/2014:~doc|d55/2014:~doc|d24/2018:iskan.docx|d40/2025:2885674_İskan Topr. Değ YASASI.docx|d47/2025:3201668_90-4-2025 İskan, Topraklandırma ve Eşdeğer Mal Yasası (1).docx
İskeleler Yasası	d43/2017:iskele.doc
İstanbul Teknik Üniversitesi İTÜ-KKTC Eğitim-Araştırma Yerleşkeleri (Kuruluş, Görev, Çalışma ve Denetleme) Yasası	e38/2009:~doc|d25/2015:~doc
İstatistik Kuralını Tadil Eden Kural	e5/1974:~0doc
İstatistik Kurumu (Kuruluş, Görev ve Çalışma Esasları) Yasası	e32/2019:istatistik.docx|d09/2020:2749085_ıs.doc|d20/2026:3699062_yö.no. 108-5-2026 istatistik kurumu değişiklik.docx
İş Sağlığı ve Güvenliği Yasası	e35/2008:~doc|d05/2026:9752820_Birleştirilmiş İş Sağlığı ve Güvenliği Yasası RG.docx
İş Yasası	e22/1992:~doc|d30/1993:~doc|d30/1993:~doc|d25/2000:~doc|e51/2002:~DOC|d15/2004:~doc|d23/2015:iş(değişiklik).doc|d01/2026:7708180_4237032_yt.no. 263-4-2025 İş (Değişiklik) Yasa Tasarısı (2).docx
İşçi Tazminat Yasası	d84/1962:~doc
İşletme sermaye ve Ekonomik Varlıkların Yeniden Değerlendirme Yasası	e66/1999:~doc
İthalat (Düzenleme) Yasası	e49/1962:~doc
İvazsız Kazançlar Vergi Yasası	e34/1970:~doc
İyi İdare Yasası	e27/2013:yasaiyi idare.doc
Jeoloji ve Maden Dairesi (Kuruluş, Görev ve Çalışma Esasları) Yasası	e60/1989:~doc|d57/1993:~doc|d57/1993:~doc|d35/1994:~doc|d22/2009:~doc
K.K.T.C. BANKALAR (DEĞİŞİKLİK) YASASI	e59/2002:59.2002.doc
K.K.T.C. KALKINMA BANKASI DEĞİŞİKLİK YASASI	e58/2002:58.2002.doc
K.K.T.C.'nin İlân Edilmesi Nedeniyle Af Yasası	e1/1984:~0doc
KADIN ÇALISMALARI DAIRESI (KURULUS, GÖREV VE ÇALISMA ESASLARI) YASASI	e12/2002:~doc
Kalkınma Bankası Teşkilat Yasası	e33/1993:~doc|d59/1994:~doc|d17/2001:~doc
Kalkınma Bankası Yasası	e45/1992:~doc|d58/1994:~doc|d29/1997:~doc|d24/2000:~doc
Kalp Para (Konvansiyonu) Yasası	e13/1959:~doc
Kamu Alacaklarının İndirimli Tahsili İle Ilgili Mali Düzenlemeye İlişkin Yasası	d13/2010:~doc
Kamu Alacaklarının Tahsili Usulü Hakkında Yasanın 44üncü Maddesinde Düzenlenen Gecikme Zamlarının ve 46ncı Maddesinde Düzenlenen Kamu Alacaklarında Devletin Önceliğinin Yeniden Düzenlenmesine İlişkin Yasası	e54/2009:~doc
Kamu Alacaklarının Tahsili Usulü Yasası	e48/1977:~doc|d28/1985:~doc|d31/1988:~doc|d31/1991:~doc|d23/1997:~doc|d54/1999:~doc|d59/2010:~doc|d13/2017:kam.Al.docx
Kamu Alacaklarinin Indirimli Tahsili Ile Ilgili Mali Düzenlemeye Iliskin Yasa	e92/2009:92-2009s.doc
Kamu Alacaklılarının Tahsili Usulü Yasası	d35/2005:~doc
Kamu Çalışanlarının Aylık (Maaş - Ücret) ve Diğer Ödeneklerinin Düzenlenmesi Yasası	d08/2023:3042265_kamu çalışanları.doc|d57/2023:9916331_42-2-2023 kamu çalışanları değişiklik no.3.docx|d67/2023:5971058_y.t.no.139-2-2023 kamu çalış.docx|d05/2024:5572940_3671341_yt.no.49-2-2023 Kamu Çalışanları.docx|d20/2025:1170577_Kamu Çalışanları YASASI yö.80-4-2025-c.docx|d04/2026:2557798_9481590_yö.no.92-4-2025 kamu çalışanları aylık(maaş-ücret) (değişiklik) (3).doc|d50/2026:8606457_Kamu Çalışanları YASASI.docx|d67/2026:6758065_yö.no. 116-5-2026 Kamu Calısanlarının aylık maaş ücret ve diğer ödeneklerinini düzenlenmesi değ. yasa önerisi.docx
Kamu Çalışanlarının Aylık (Maaş-Ücret) ve Diğer Ödeneklerinin Düzenlenmesi Yasası	d33/2013:kamuç.maaş.doc|d18/2014:~doc|d04/2015:y.t.132-3-2015zz.doc|d46/2015:kam-çal.doc|d45/2017:kam cal.doc|d66/2017:aylik maas ucret.docx|d04/2018:kamucal.pdf|d36/2018:20181116144453294.pdf|d12/2020:6195719_ytno.154-3-2020.docx|e22/2022:2893607_cum GÖÇ.docx|d50/2023:5042137_136-2-2023 kamu değ no2.docx|d09/2024:6141234_Kamu Çalışanları Değ No2 92024.pdf|d02/2025:3173671_Kamu Çalışanları ..pdf|d2018/4:YGK23-5-2017.docx
Kamu Çalışanlarının Aylık (Maaş-Ücret) ve Diğer Ödeneklerinin Düzenlenmesi Yasasının Hayat Pahalılığı Ödeneği Hakkını Düzenleyen 9’uncu Maddesinin Uygulanmasının 3 Ay Süre İle Durdurulmasına İlişkin (Geçici Kurallar) Yasası	e47/2018:kamu cal.docx
Kamu Çalışanlarının Aylık (Maaş-Ücret) ve Diğer Ödeneklerinin Düzenlenmesi Yasasının Hayat Pahalılığı Ödeneği Hakkını Düzenleyen 9’uncu Maddesinin Uygulanmasının Durdurulmasına İlişkin (Geçici Kurallar) Yasası	e11/2015:~doc
Kamu Çalisanlarinin Aylik (Maas-Ücret) ve Diger Ödeneklerinin Düzenlenmesi Yasasi	e47/2010:~doc
KAMU GÖREVLİLERİ (DEĞİŞİKLİK) YASASI	e7/1979:~0doc|d12/1982:~doc|d3/1982:~0doc|d44/1982:~doc|d42/1983:~doc|d29/1984:~doc|d5/1984:~0doc|d50/1984:~doc|d2/1985:~0doc|d10/1986:~doc|d13/1986:~doc|d30/1986:~doc|d31/1987:~doc|d11/1988:~doc|d33/1988:~doc|d13/1989:~doc|d34/1989:~doc|d73/1989:~doc|d19/1990:~doc|d42/1990:~doc|d49/1990:~doc|d8/1990:~0doc|d11/1991:~doc|d85/1991:~doc|d11/1992:~doc|d11/1992:~doc|d11/1992:~doc|d35/1992:~doc|d3/1993:~0doc|d62/1993:~doc|d62/1993:~doc|d10/1994:~doc|d15/1994:~doc|d53/1994:~doc|d18/1995:~doc|d12/1996:~doc|d19/1996:~doc|d32/1996:~doc|d16/1997:~doc|d24/1997:~doc|d13/1998:~doc|d40/1998:~doc|d48/1999:~doc|d6/1999:~0doc|d15/2000:~doc|d20/2001:~doc|d43/2001:~doc|e25/2002:25.2002.doc|e60/2002:60.2002.doc|e3/2003:~doc|e43/2003:43_2003.doc|e63/2003:63_2003.doc|e69/2003:69_2003.doc|d35/2004:~doc|d5/2004:~0doc|d20/2005:~doc|d32/2005:~doc|d59/2005:~doc|d10/2006:~doc|d44/2006:~doc|d03/2007:~doc|d57/2007:~doc|d97/2007:~doc|d11/2008:~doc|d23/2008:~doc|d34/2008:~doc|d54/2008:~doc|d82/2009:~doc|d03/2011:~doc|d13/2011:~doc|d20/2013:yasakamu.doc|d34/2013:kamuGyasa.doc|d19/2014:~doc|d03/2015:129-3-2015kamu.doc|d48/2015:kam-gör.doc|d17/2017:245-5-2017 kg.docx|d46/2017:kamu.docx|d12/2018:11-1-2018.docx|d19/2018:kamu gor.docx|d39/2023:6742070_kamu görevlileri saatler.docx|d69/2023:8686182_y.t.no. 137-2-2023 kamu görevlileri.docx|d28/2024:8793752_28-2024 Kamu Görevlileri HP.docx|d10/2026:3324167_kamu görevlileri.docx|d65/2026:7554006_KAMU GÖREVLİLERİ (DEĞİŞİKLİK) YASASI yt-400-5-2026.docx|d66/2026:1470186_yö.no. 115-5-2026 kamu görevlileri değişiklik.docx|d2015/3:y.t.129-3-2015z.doc|d2015/3:y.t.129-3-2015z.doc
Kamu Görevlileri Yasa Tasarısı	d4/2000:2842796_04-2000.DOC
Kamu Görevlileri Yasasının 25inci Maddesinde Düzenlenmiş Olan Hayat Pahalılığı Ödeneği Hakkının Yeniden Düzenlenmesine İlişkin Yasa	e62/2009:~doc
Kamu Görevlileri Yasasının 27nci Maddesinde Düzenlenmiş Olan Ek Çalışma Ödeneği Hakkının Yeniden Düzenlenmesine İlişkin Yasa	e68/2009:~doc
Kamu Görevlileri Yasasının Hayat Pahalılığı Ödeneği Hakkını Düzenleyen 25’inci Maddesinin Uygulanmasının 3 Ay Süre İle Durdurulmasına İlişkin (Geçici Kurallar) Yasası	e53/2018:YGK No. 30-2-2018 Kam Gorevlileri.docx
Kamu Görevlileri Yasasının Hayat Pahalılığı Ödeneği Hakkını Düzenleyen 25’inci Maddesinin Uygulanmasının Durdurulmasına İlişkin (Geçici Kurallar) Yasası	e17/2011:~doc|e09/2015:~doc
Kamu Görevlilerinin 21. Aralık. 1963 Tarihinden Sonra Alamadıkları Maaş ve Ücretlerinin Tespit ve Tediyesi Konularını Düzenleyen Yasa	e14/1984:~doc
Kamu GörevlileriYasası	d72/2006:~doc
Kamu Görevlilileri Yasasi	d48/2010:~doc
Kamu Hizmeti Komisyonu ve Dairesi (Kuruluş, Görev ve Çalışma Esasları) Yasası	e53/1983:~doc|d24/1988:~doc|d37/1992:~doc|d4/2007:~doc|d66/2023:6247302_YT.No.110-2-2023 kamu hizmeti komisyonu.doc
KAMU HİZMETİ KOMİSYONU VE DAİRESİ KURULUŞ, GÖREV VE ÇALIŞMA ESASLARI (DEĞİŞİKLİK) YASASI	e23/2020:7650009_Kamu Hizmeti Yasa.pdf
Kamu İhale Yasası	e20/2016:YT79-2-2014zz.doc|d16/2023:6489315_KAMU İHALE.docx|d63/2024:1637257_yt.no.157-3-2023 Kamu ihale.docx
Kamu İktisadi Teşebbüsleri (Yönetim, Denetim ve Gözetim) Yasası	e37/1975:~doc|d32/1977:~doc|d49/1977:~doc|d15/2005:~doc
Kamu Mali Yönetimi ve Kontrol Yasası	e41/2019:YT 23-1-2018 Komiteye Geri Alınan Kamu Mali.docx|d27/2022:1323710_kamu mali 1.11.22.docx|d59/2023:2162797_Kamu Mali Yonetimi 1.1.23.docx|d55/2025:2765781_318-4-2025 Kamu Mali Yönetimi ve Kontrol Yasası.docx|d48/2026:3705103_239-4-2024 Kamu Mali.docx
Kamu Saglik Çalisanlari Yasasi	d37/2010:~doc|d49/2010:~doc
Kamu Sağlığı (Köyler) Yasası	d43/1987:43-1987-2.doc|d34/1997:~doc
Kamu Sağlık Çalışanları Yasası	e06/2009:~doc|d75/2009:~doc|d18/2017:246-5-2017 ks.docx|d47/2017:kam sağ.docx|d07/2018:kam.sağ.No2 (2).docx|d1/2018:kamusagl.docx|d37/2018:41-1-2018 (1).docx|d36/2019:349696_kam.docx|d07/2023:3742484_Bir.kamu sağlık.docx|d43/2023:7205173_kamu sağlık çalışanları saatler.docx|d70/2023:9204500_y.t.no.138-2-2023 kamu sağlık.docx|d21/2024:4566855_21-2024 Kamu Sağlık HP.docx
Kamu Sağlık Çalışanları Yasasında Hayat Pahalılığı Ödeneği Hakkını Düzenleyen 23’üncü Maddenin Uygulanmasının Durdurulmasına İlişkin (Geçici Kurallar) Yasası	e20/2011:~doc|e14/2015:~doc
Kamu Sağlık Çalışanları Yasasının 23üncü Maddesinin (1)inci Fıkrasında Düzenlenmiş Olan Hayat Pahalılığı Ödeneği Hakkının Yeniden Düzenlenmesine İlişkin Yasa	e61/2009:~doc
Kamu Sağlık Çalışanları Yasasının Hayat Pahalılığı Ödeneği Hakkını Düzenleyen 23’üncü Maddesinin Uygulanmasının 3 Ay Süre ile Durdurulmasına İlişkin (Geçici Kurallar) Yasası	e46/2018:YGK 36-2-18 kamu sag.docx
KAMU VE ÖZEL RADYO VE TELEVİZYONLARIN	e34/2003:34_2003.doc
Kamu ve Özel Radyo ve Televizyonların Kuruluş ve Yayınları Yasası	e39/1997:~doc|d42/2011:~doc|d19/2022:5974329_cumhur radyo.docx
Kamu ve Özel Radyo ve Televizyonlarin Kurulus ve Yayinlari Yasasi	d36/2010:~doc
Kamu Yolları Yasası	d46/1991:~doc|d46/1991:~doc|d10/1997:~doc|d10/1997:~doc|d11/1997:~doc|d57/2005:~doc|d09/2014:~doc
KAMU YOLLARININ KORUNMASINA VE BAKIMINA İLİŞKİN YASALARI DEĞİŞTİREN VE BİRLEŞTİREN (DEĞİŞİKLİK) YASASI	e68/2002:~doc
Kamu Yönetimi ve İnsan Kaynakları Başkanlığı (Kuruluş, Görev ve Çalışma Esasları) Yasası	e55/2024:5120906_yt.no.149-3-2023 kamu YÖNETİMİ YASASI.docx
Kamuda Görev Yapan Geçici Personele İlişkin Yasa	e61/2026:9357963_yö 64-3-2024 geçiciler.docx
Kan ve Kan Bileşenlerinin Kalite ve Güvenliği Yasası	e23/2021:9474338_181-3-2020 kan cumh.doc
Kanalizasyon Suları Yasası	e2/1987:~0doc
Kanalizasyon Sularının Tarımsal Amaçlarla Kullanılmasını Yasaklayan Kararnamenin Yürürlükten Kaldırılması Yasası	e3/1987:~0doc
Kanser Hastalığı Bildirim Yasası	e38/2018:38-1-2018 (7).docx
Kanun ve Kural İsimleri Yasası	e2/1977:~0doc
Kanuni Görevler (Görülmelerinin Devredilmesi) Yasası	e23/1962:~doc
Kanunların Yürürlüklerinin Sona Ermesi (Şüphelerin İzalesi) Yasası	e42/1962:~doc
Karaparanın Aklanmsının Önlenmesi Yasası	e55/1999:~doc
Karayolları Dairesi (Kuruluş, Görev ve Çalışma Esasları) Yasası	e45/1989:~doc
Karma Şirketlere Ait Taşınmaz Mallar (Denetim ve Yönetim) Yasası	e27/1983:~doc|d29/1987:~doc
Kat Mülkiyeti ve Kat Irtifaki Yasasi	e35/2010:~doc
Kat Mülkiyeti ve Kat İrtifakı Yasası	d40/2024:4677473_YT -Kat Mülkiyeti ve Kat Irtifaki(Deg)Yasası.docx|d49/2026:4493728_Y.T. 299-4-2025 - RG.docx
Kat Mülkiyeti Yasası	e63/1987:~doc
Kat Mülkiyeti Yasası İç Düzeni	e63/1987:~doc
Katma Deger Vergisi Yasasi	d41/2010:~doc
Katma Değer Vergisi İadesi Yasası	e31/1996:~doc
Katma Değer Vergisi İadesi Yasasının Yürürlükten Kaldırılması Yasası	e61/2007:~doc
Katma Değer Vergisi Yasası	d8/1998:~0doc|d36/2006:~doc|d17/2007:~doc|d70/2007:~doc|d45/2008:~doc|d33/2012:225-4-2012.doc|d40/2014:~doc|d44/2017:katma.doc|d13/2023:8653430_KDV.docx
Kayıtları İptal Edilen Araçlar ile Kayıtları İptal Edilmeyip Geçmiş Yıllara Ait Seyrüsefer Borcu Bulunan Araçlar Hakkında Yasa Gücünde Kararnamenin Yürürlükten Kaldırılmasına İlişkin Yasa	e09/2018:seyrüsefer yürürlükten kaldırma 1.docx
Kbrıs Türk Sosyal Sigortalar Yasası	d20/1991:~doc
Keçiler Yasası	d53/1995:~doc
Kent Güvenlik Yönetim Sistemi Yasası	e31/2018:kent güvenlik yönetim sistemi yasası.docx
Kıbrıs Cumhuriyeti Vatandaşlığı (Örnek Harçlar ve Suçlar) Yasası	e11/1961:~doc
Kıbrıs Geçici Türk Yönetimi Hileli Mal Yürütümlerini Önleme (Geçici Hükümler)Yasası	e4/1969:04-1969-2.doc
Kıbrıs İnkişaf Şirketi Ltd. (Belli İmtiyazlar) Yasası	e21/1963:~doc
Kıbrıs Liralarına Karşılık Prim Ödenmesi Yasası	e40/1983:~doc
Kıbrıs Lirasının Yürürlükten Kaldırılması ve Kıbrıs Lirası ile ifade edilen meblağların Türk Lirasına Dönüştürülmesi Yasası	e27/1991:~doc
Kıbrıs Merkez Bankası Yasası	e48/1963:~doc
Kıbrıs Ordusu Subaylarının 1 Eylül 1964 ile 30 Ağustos 1969 Devresi için Terfilerinden Doğan Maaş :Farklarının Ödenmesi Tazmin Yasası	e34/1996:~doc
Kıbrıs Radyo Yayın Korporasyonu (Hükümet Memurlarının İstihdam Edilmesi) (Emeklilik Hükümleri) Yasası	e6/1962:~0doc
Kıbrıs Radyo Yayın Korporasyonu Yasası	d20/1960:~doc|d20/1960:~doc|d27/1961:~doc|d69/1961:~doc|d26/1962:~doc|d39/1963:~doc
Kıbrıs Rum Eğitim (Geçici Düzenlemeler) Yasası	e19/1959:~doc
Kıbrıs Sorununun Çözümüne İlişkin Halkoylaması(Özel ve Geçici Kurallar) Yasası	e2/2004:~0doc
KIBRIS TÜRK BELEDİYELER BİRLİĞİ YASASI	e39/2003:39_2003.doc
Kıbrıs Türk Cemaatına Mensup Olmayan Şahıslara Gayrımenkul Mal Satışını Men'eden Yasası	d38/1970:38-70.doc|d20/1973:~doc|d15/1975:~doc|d18/1977:~doc
Kıbrıs Türk Çiftçiler Birliği Yasası	e69/2017:y.o.no 77-5-2017.docx
Kıbrıs Türk Devlet Tiyatroları (Kuruluş, Görev ve Çalışma Esasları) Yasası	d38/1994:~doc
Kıbrıs Türk Devlet Tiyotraları Dairesi (Kuruluş, Görev ve Çalışma Esasları) Yasası	e24/2006:~doc
Kıbrıs Türk Diyetisyenler Birliği Yasası	e27/2017:20-2-2013 yasa.docx
Kıbrıs Türk Eczacılar Birliği Yasası	d37/2009:~doc|d05/2023:3062647_yt.no.39-1-2023 ecz.docx
Kıbrıs Türk Eğitim (Geçici Düzenlemeler) Yasası	e20/1959:~doc
Kıbrıs Türk Elektrik Kurumunun AKSA Enerji Üretim Anonim Şirketine Olan Borçlarının Devlet Borcu Olarak Devralınması Hakkında Yasa	e08/2022:6814451_aksa.doc
KIBRIS TÜRK ELEKTRİK KURUMUNUN AKSA ENERJİ ÜRETİM ANONİM ŞİRKETİNE OLAN BORÇLARININ DEVLET BORCU OLARAK DEVRALINMASINA İLİŞKİN YASA	e39/2022:9210366_AKSA.pdf
Kıbrıs Türk Elektrik Kurumunun AKSA Enerji Üretim Anonim Şirketine Olan Borçlarının Devlet Borcu Olarak Devralınmasına İlişkin Yasası	e14/2023:9728219_AKSA Yasa 14-2023.docx
Kıbrıs Türk Elektrik Kurumunun Alacaklarının Tahsilinin Hızlandırılması (Geçici Kurallar) Yasası ( Anayasa Mahkemesince İptal edilmiştir)	e12/2004:~doc
Kıbrıs Türk Elektrik Müteahhitleri Birliği Yasası	e51/2006:~doc
Kıbrıs Türk Emlakçılar Birliği Yasası	e62/2024:5164357_62-2024 Kıbris Türk Emlakçılar Birliği Yasası.docx
Kıbrıs Türk Esnaf ve Zanaatkarlar Odası Yasası	e29/2019:esnafyasa.docx|d29/2025:7212482_y.t no 278-4-2025 esnaf zanaatkarlar değişiklik.docx
Kıbrıs Türk Federe Devleti Anayasası Yasası	d8/1975:~0doc
Kıbrıs Türk Federe Devleti Bankalar Yasası	e11/1976:~doc|d25/1983:~doc
Kıbrıs Türk Federe Devleti Bölgesinde Terkedilmiş Kalan Ve Yabancılara Ait Olan Taşınmaz Malların Kontrol Ve Yönetimine İlişkin Kurallar Koyan Yasaları Birleştiren Ve Değiştiren Yasa	e32/1975:~doc
Kıbrıs Türk Federe Devleti Hukuk Dairesi Yasası	e8/1976:~0doc
Kıbrıs Türk Federe Devleti Merkez Bankası Yasası	e31/1983:~doc
Kıbrıs Türk Federe Devleti Sınırları İçerisinde Yolcu Ve Eşya Taşıyan Motorlu Araçların Denetimini Öngören Yasa	e27/1975:~doc
Kıbrıs Türk Federe Devleti Sınırları İçinde Sahipsiz Taşınır Malların Derlenmesi ve Kontrolü İle İLgili Yasa	e17/1975:~doc
Kıbrıs Türk Hemşireler ve Ebeler Birliği Yasası	e35/2017:101-2-2014 - 10nisan.docx
Kıbrıs Türk İnşaat Müteahhitleri Birliği Yasası	e18/1998:~doc|d54/2006:~doc|d30/2025:1168128_y.t no 280-4-2025- inşaat müteahhitleri birliği değişiklik.docx
Kıbrıs Türk İnşaat Taşeronları Birliği Yasası	e52/2017:218-4-2016 ins.docx|d27/2025:5344044_y.t no 279-4-2025 inşaat taşeronları birliği değişikliği.docx
Kıbrıs Türk Liman İşçileri Şirketi Yasası	d15/1976:~doc|d20/1976:~doc|d25/1976:~doc|e6/1976:~0doc|d11/1979:~doc|d03/2020:8169302_lim.docx
Kıbrıs Türk Mücaahidini Kalkındırma Fonu Tesis Yasası	e9/1969:~0doc
Kıbrıs Türk Mühendis ve Mimar Odaları Birliği Yasası	e21/2005:~doc|e21/2005:~doc|d52/2015:139-3-2015y.docx
Kıbrıs Türk Mühendis ve Mimar Odaları Birliğinin Kuruluş Yasası	e12/1976:~doc
Kıbrıs Türk Otelciler Birliği Yasası	e39/2012:215-4-2012.doc
Kıbrıs Türk Polisini Güçlendirme Yasası	e57/2026:7180810_yt -iç düzen.docx
Kıbrıs Türk Rehberler Birliği Yasası	e01/2008:~doc
Kıbrıs Türk Sanayi Odası Yasası	e29/1992:~doc|d16/2018:7-1-2018.docx|d28/2025:9878202_yt no 277-4-2025 Kibris Turk Sanayi Odasi (Degisiklik) Yasa Tasarisi.docx
Kıbrıs Türk Silahlı Kuvvetleri Yasası	e23/1970:~doc|d11/1972:~doc|d10/1973:~doc
KIBRIS TÜRK SOSYAL SİGORTALAR (GEÇİCİ KURALLAR) YASASI	e18/2003:18_2003.doc
Kıbrıs Türk Sosyal Sigortalar Yasası	e16/1975:~doc|d45/1998:~doc|d22/2001:~doc|e32/2002:32.2002.doc|e56/2003:56_2003.doc|e9/2003:9_2003.doc|d12/2005:~doc|e62/2006:~doc|e8/2006:~0doc|d29/2007:~doc|d42/2008:~doc|d79/2009:~doc|d02/2010:~doc|d02/2012:~docx|d37/2015:ktsosyals.doc|d29/2017:256-5-17 ss.docx|d30/2017:YT No 254-5-2017 ss guliz.docx|d11/2019:sos sıg.docx|d08/2020:2500466_sosyal  sigortalar.docx|d24/2023:6146742_102-2-2023 Kıbrıs Türk Sosyal Sigortalar (Değ.) 24-2023.docx|d08/2024:9674684_SOSYAL SİGORTALAR YASASI.docx|d29/2024:6864838_29-2024 Sosyal Sigorta HP.docx|d05/2025:295991_yt206-3-2024 Sosyal Sigortalar Değişiklik Yasası.docx|d58/2026:913963_Sosyal Sigortalar Yasası-.docx
Kıbrıs Türk Sosyal Sigortalar Yasasında Gelir ve Aylıkların Artırılmasını Düzenleyen Geçici 8’inci Maddenin (4)’üncü Fıkrasının Uygulanmasının Durdurulmasına İlişkin (Geçici Kurallar) Yasası 21	e21/2011:~doc
Kıbrıs Türk Sosyal Sigortalar Yasasını Degiştiren Yasa	e12/1979:~doc
Kıbrıs Türk Sosyal Sigortalar Yasasının Geçici 8inci Maddesinin (4)üncü Fıkrasında Düzenlenmiş Olan Aylık ve Gelirlerin Yükseltilmesinin Yeniden Düzenlenmesine İlişkin Yasası	e51/2009:~doc
Kıbrıs Türk Sosyal Sigortalar Yasasının Hayat Pahalılığı Ödeneği Hakkını Düzenleyen Geçici 8’inci Maddesinin (4)’üncü Fıkrasının Uygulanmasının 3 Ay Süre İle Durdurulmasına İlişkin (Geçici Kurallar) Yasası	e54/2018:sosyalsigorta..docx
Kıbrıs Türk Süt Endüstrisi Kurumu Yasası	e1/1977:~0doc|d26/2011:~doc|d36/2016:KIBRIS TÜRK SÜT ENDÜSTRİSİ KURUMU.docx
Kıbrıs Türk Tabipleri Birliği Yasası	d13/2004:~doc|d70/2006:~doc|d41/2016:173-3-2015 yasa hali.docx
Kıbrıs Türk Yatırım Geliştirme Ajansı (YAGA) Yasası	e37/2008:~doc
Kıbrıs Vakıflar Idaresinin Birikmiş Kiralardan Kaynaklanan Gecikme Zamlarının Tahsili ile Ilgili Kuralların Düzenlenmesine Ilişkin Yasa	e14/2010:~doc
Kıbrıs Vakıflar İdaresi Kiracılarının Birikmiş Kira ve Gecikme Zammı Borçlarının Tahsili ile İlgili Kuralların Düzenlenmesi (Geçici Kurallar) Yasası	e05/2021:4735894_indeks vakıflar.docx|d37/2023:8667174_37-2023.docx
Kıbrıs Vakıflar İdaresi Kiracılarının Birikmiş Kira ve Gecikme Zammı Borçlarının Tahsili İle İlgili Kuralların Düzenlenmesine İlişkin (Geçici Kurallar) Yasası	e02/2015:y.t.no.125-3-2014zzz.doc|e60/2017:Vakıf.docx
Kıbrıs Yasaları (Revize Edilmiş Baskı) Yasası	e24/1959:~doc
Kıbrısa Giriş ve Çıkışı Kontrol Yasası	d14/1973:~doc
Kıbrısı İzinsiz Terkedenler Yasası	e14/1970:~doc
Kıbrıslı Türklerin Türkiyede Çalışma İmkanlarını Düzenleyen Yasa	e35/1970:~doc
Kıbrısta Türk Cematinin Kontrolünde Bulunan Bölgelerde Türk MahkemelerininTeşkili Yetki Ve Görevleri Ve Hakimlerinin Statüsü İle İlgili Konuları Düzenleyen Kural	e1/1969:~0DOC
Kısa Dönem Askerlik Yasası	e4/1992:~0doc
Kısa Süreli Askerlik Yasası	e50/1994:~doc
Kibris Türk Elektrik Kurumu Kamu Alacaklarinin Tahsili ile Ilgili Mali Düzenlemeye Iliskin Yasa	e34/2010:~doc
Kibris Türk Esnaf ve Zanaatkarlar Odasi Yasasi	d46/2010:~DOC
Kimyasallar Yasası	e53/2024:6427250_Kimyasallar Yasası -İç düzen 58-1-2022.docx
Kira (Denetim) Yasası	e17/1981:~doc|d22/1981:~doc|d35/1982:~doc|d48/1983:~doc
Kira Denetim Yasası	d27/2011:~doc
Kira Kontrol (Geçici Hükümler) Kuralı	e18/1973:~doc
Kira Murakabesi (İş Binaları) Yasası	e17/1961:~doc|d39/1961:~doc
Kira ve Tazminat Kararları İcra veya İnfazının Ertelenmesi (Geçici Hükümler) Yasası	e28/1970:~doc
Kişisel Verilerin Korunması Yasası	e89/2007:~doc
KKTC Cumhurbaşkanlığı Dairesi (Kuruluş, Görev Ve Çalışma Esaslaı) Yasası	d12/1997:~doc
KKTC Deniz Yetki Alanları Yasası	e63/2005:~doc
KKTC Güvenlik Kuvvetlerini Güçlendirme Kurumu Değişiklik Yasası	d64/2005:64-2005i.doc
KKTC Yüksek Öğretim Yasası	e65/2005:~doc
Klakson ve Düdük Yasaklama Yasası	d9/1983:~0doc|d46/1991:~doc|d49/1991:~doc|d07/2014:~doc
Kolcular Teşkilat Yasası	e21/1975:~doc
Kolcular Yasası	e23/1974:~doc
Kollektif ve Komandit Şirketler ve Ticari Ünvanlar Yasası	d26/1980:~doc|d47/1991:~doc|d33/1997:~doc|d36/2007:~doc
Konsolide Fonu (İnkişaf Sandığı) Yasası	e0/1961:TCM10-61.doc|d0/1963:TCM02-63.doc|d0/1963:TCM08-63.doc|d32/1970:~doc
Konut Edindirme Yasası	e63/2007:~doc|d05/2010:~doc|d03/2016:y.t.151-3-2015zg.doc|d22/2018:konut yasa.docx|d47/2020:596176_konut edindirme.docx|d57/2024:7454467_5680731_konut edindirme YASASI.docx|d38/2025:7320584_Konut Edindirme (Değişiklik) YASASI.docx|d46/2026:3902409_Y.T.No.295-4-25 RG.docx
Konut Kiralarının Dondurulması (Geçici Kurallar) Yasası	e2/1978:~0doc
Kooperatif İşleri Dairesi (Kuruluş, Görev ve Çalışma Esasları) Yasası	e31/1989:~doc
KOOPERATİF ŞİRKETLER (DEĞİŞİKLİK) YASASI	d51/1983:~doc|e28/2002:28.2002.doc|e8/2003:~doc|d8/2004:~0doc|d46/2007:~doc
Kooperatif Şirketler Mukayyitliği (Kuruluş, Görev ve Çalışma Esasları) Yasası	e94/2007:~doc
Kooperatif Tasarruf Mevduatı Sigorta Fonu Uygulamalarına İlişkin Yasa	e55/2009:~doc
Kooperatif Tasarruf Mevduatı Sigorta Fonu Yasası	e26/2000:~doc|e4/2002:04.2002.doc.doc|d11/2005:~doc|d53/2025:4550910_Kooperatif Tasarruf Mevduati Sigorta Fonu (Deg) Yasası.docx
Koyun ve Keçiler (Çobanların Ruhsatlandırılması ve Kontrolu) Yasası	d37/1970:~doc|d34/1991:~doc
Kozmetik Ürünleri Yasası	e23/2001:~doc|d29/2022:8948290_ytno-13-1-2022.docx|d07/2026:374370_9184863_yt.no.325-5-2025 kozmetik.docx
Köpekler Yasası	d9/1970:~0doc|d7/1972:~0doc|d2/1983:~0doc|d6/1989:~0doc|d7/1989:~0doc|d43/2007:~doc
KÖY (EV MAKSATLARI) SULARI (DEĞİŞİKLİK) YASASI	d60/1991:~doc|d60/1991:~doc|d36/1992:~doc|d24/1996:~doc|e1/2003:~doc
Köy İhtiyar Heyetleri (Devam ve Muteber Kılma) Yasası	e20/1961:~doc
Köy İhtiyar Heyetleri Kanununu Tadil Eden Yasa	e16/1972:~doc
Köy İhtiyar Heyetleri Yasası	d10/1974:~doc|d17/1974:~doc|d14/1975:~doc
Köy ve Mahalle Ihtiyar Heyetleri Yasasi	d25/2010:~doc
Köy ve Mahalle İhtiyar Heyetleri Yasası	e43/2009:~doc|d09/2012:193-4-2011.doc|d29/2015:ihtiyarheyetleri.doc|d37/2020:8379124_YT 161-3-2020.docx|d07/2024:6054759_Köy_ve_Mahalle İhtiyar_Heyetleri (Değişiklik)_Yasası.docx
Köyler (İdare ve İnkişaf) Yasası	d46/1961:~doc|d58/1962:~doc|d50/1977:~doc
Kredi Faiz Destek Fonu Yasası	e36/2026:3314129_Kredi Faiz Destek Fonu Yasası (YGK No 262-5-2026).docx
Kredi Garanti Fonu Yasası	e42/2009:~doc|d05/2011:~doc|d35/2026:5568328_Kredi Garanti Fonu  Yasası.docx
Kredi Garanti Fonu Yasasinin Degistirilmesi Hakkinda Yasa	e33/2010:~doc
Kredi Kartı ve Banka Kartı ile Yapılan Perakende Mal ve Hizmet Alımlarına İade Yapılması Yasası	e33/2019:kredi k.docx|d56/2023:5936418_yasa kredi kartı.docx
Kronik Hastalıklar Hastahanesi ve Özel Dal Hastahaneleri Yasası	e83/1991:86-1991.doc|e86/1991:~doc
Kronik Hastalıklar Hastanesi ve Özel Dal Hastaneleri Yasası	d10/2017:kronık.doc
Kuraklıktan Zarar Gören Zirai Müstecirler Yasası	e16/1973:~doc
KURUMLAR VERGİSİ (DEĞİŞİKLİK) YASASI	e41/1976:~doc|d24/1977:~doc|d62/1977:~doc|d11/1980:~doc|d35/1983:~doc|d36/1987:~doc|d70/1993:~doc|d70/1993:~doc|e38/2003:38_2003.doc|d10/2004:~doc|d16/2007:~doc|d18/2013:kur.doc|d37/2014:~doc|d15/2019:kurumlar.docx
KUYULAR (DEĞİŞİKLİK) YASASI	d47/1961:~doc|d19/1962:~doc|e29/1991:~DOC|d29/1991:~doc|d86/2009:86-2009s.doc
Kuzey Kıbrıs Eğitim Vakfı ve Doğu Akdeniz Üniversitesi Kuruluş Yasası	d37/2011:~doc
Kuzey Kıbrıs Muhasebe ve Denetim Meslek Yasası	e51/2024:8451668_YT_37-1-2022 MuhasebeYasa.docx|d47/2026:5591699_Muhasebe Yasası.docx
Kuzey Kıbrıs Türk Cumhuriyeti Adına Yabancı Devletlerle veya Uluslararası Kuruluşlarla Yapılacak Andlaşmaların Halkoylamasına Sunulması (Geçici Kurallar) Y	e23/1990:~doc
Kuzey Kıbrıs Türk Cumhuriyeti Anayasasının Halkoylamasına Sunulması (Geçici Kurallar) Yasası	e18/1985:18-1985-2.doc
Kuzey Kıbrıs Türk Cumhuriyeti Bankacılık Yasası	e62/2017:Banka.docx|d22/2020:8721758_bankacılık-5.pdf
Kuzey Kıbrıs Türk Cumhuriyeti Bankalar Yasası	d26/1987:~doc|d42/1989:~doc|e14/2000:~doc
Kuzey Kıbrıs Türk Cumhuriyeti Cumhurbaşkanlığı Seçimlerinin 15 Nisan,2000 Tarihinde Yapılması yasası	e13/2000:~doc
Kuzey Kıbrıs Türk Cumhuriyeti Cumhuriyet Mec1isi'nin 23 Mayıs 1986 tarihli birleşmide kabul olunan "Üst Kademe Yöneticileri Yasası " Anayasa'n	d20/1986:~doc
Kuzey Kıbrıs Türk Cumhuriyeti Güvenlik Kuvvetlerini Güçlendirme Kurumu Yasası	d21/2025:9700887_G.K.Güçlendirme Kurumu (Değişiklik) Yasası.docx
Kuzey Kıbrıs Türk Cumhuriyeti Güvenlik Kuvvetlerini Güçlendirme Kurumu Yasasının 6ıncı Maddesinde Düzenlenmiş olan Kurumun Gelir Kaynaklarının Bir Bölümü	e47/2005:~doc
Kuzey Kıbrıs Türk Cumhuriyeti Hudutları Dahilinde Kalan ve Anayasanın 159uncu Maddesinin (4)üncü Fıkrası Kapsamına Giren Taşınmaz Malların Tazmini (Değiş	e18/2005:~doc
KUZEY KIBRIS TÜRK CUMHURİYETİ HUDUTLARI DAHİLİNDE KALAN VE ANAYASANIN 159UNCU MADDESİNİN (4)ÜNCÜ FIKRASI KAPSAMINA GİREN TAŞINMAZ MALLARIN TAZMİNİ YASASI İÇDÜZENİ	e49/2003:49_2003.doc
KUZEY KIBRIS TÜRK CUMHURİYETİ HÜKÜMETİ İLE TÜRKİYE CUMHURİYETİ HÜKÜMETİ ARASINDA 27 MART 2000 TARİHİNDE İMZALANAN ORTA DOĞU TEKNİK ÜNİVERSİTESİNİN KUZEY K	e6/2002:06.2002.doc.doc
Kuzey Kıbrıs Türk Cumhuriyeti ile Türkiye Cumhuriyeti Hukuki, Ticari ve Cezai Konularda Adli Yardımlaşma, Tanıma ve Tenfiz, Suçluların Geri Verilmesi ve Na	e22/1988:22-1988-2.doc
Kuzey Kıbrıs Türk Cumhuriyeti İlk Dönem Cumhurbaşkanlığı Seçimi Yasası	e24/1985:~doc
Kuzey Kıbrıs Türk Cumhuriyeti Kalkınma Bankası Teşkilat Yasası	d15/2021:2636373_kalkınma 1.docx
Kuzey Kıbrıs Türk Cumhuriyeti Kalkınma Bankası Yasası	d38/2019:9525460_kalkınma1.docx
Kuzey Kıbrıs Türk Cumhuriyeti Kamu Finansmanı ve Borç Yönetimi Yasası	e45/2011:~doc|d28/2026:9737233_2731294_Kamu Finansmanı Yasası.docx
KUZEY KIBRIS TÜRK CUMHURİYETİ KARASULARI YASASI	e42/2002:42.2002.doc.doc
Kuzey Kıbrıs Türk Cumhuriyeti Merkez Bankası Teşkilat Yasası	d45/2016:216-4-2016.doc|d09/2017:64-5-2016.doc|d26/2017:72-5-2017.docx|d48/2024:8146059_Merkez Bankası 48-2024 yasası.docx
Kuzey Kıbrıs Türk Cumhuriyeti Merkez Bankası Yasası	e41/2001:~doc|d08/2017:66-5-2016.doc
Kuzey Kıbrıs Türk Cumhuriyeti Milli Eğitim Yasası	d26/2022:1932563_Milli Eğ.pdf
Kuzey Kıbrıs Türk Cumhuriyeti Pasaport Yasası	e11/2013:pasaport.doc|d15/2026:8139021_Pasaport Yasası.docx
Kuzey Kıbrıs Türk Cumhuriyeti Resmi Amblem Yasası	e32/2007:~doc
Kuzey Kıbrıs Türk Cumhuriyeti Resmi Gazete Yasaları	e25/1992:~DOC
Kuzey Kıbrıs Türk Cumhuriyeti Sigorta Ve Reasürans Şirkeler Birliği Yasası	e44/2001:~doc
Kuzey Kıbrıs Türk Cumhuriyeti Yüksek Adliye Kurulu Yasası	e35/1985:~doc
Kuzey Kıbrıs Türk Cumhuriyeti Yükseköğretim Yasası	d21/2008:~doc|d40/2009:~doc|d23/2017:Yüksek Öğretim.docx
Kuzey Kıbrıs Türk Cumhuriyetinde Tedavülde Bulunan Türk Lirasının Yeni Türk Lirasına Dönüştürülmesi Yasası	e39/2004:~doc
Kuzey Kıbrıs Türk Cumhuriyetinin İlan Edilmesi Nedeniyle Af Yasası	e1/1984:01-1984-2.doc
Kuzey Kıbrıs Türk Hava Kurumu Yasası	d21/1996:~doc|d53/1999:~doc
Kuzey Kıbrıs Türk Hava Kurumu Yasasını Yürürlükten Kaldıran Yasa	e25/2005:~doc
Küçükler ve Mahcurlar Yasası	d16/2021:3384733_küçük.docx
Kültür Dairesi (Kuruluş, Görev ve Çalışma Esasları) Yasası	e19/1986:~doc|d23/1994:~doc
Lefkoşa Belediyesine Ait Taşınmaz Malların Lefkoşa Türk Belediyesine Adına Kaydı (Geçici Kurallar) Yasası	e43/1998:~doc
Lefkoşa İçme Suyu (Özel Kurallar) Yasası	e18/1959:~doc
Likidite Sorunu Olan Bankaların Faaliyetlerinin Kısaltılması ve Mükellefiyetlerinin Ertelenmesi Yasası	e7/2001:~0doc
Liman Düzenleme Yasası	d28/1961:~doc|d30/1974:~doc|d15/1983:~doc|d75/1989:~doc|d48/1992:~doc
Liman İşçileri (Hizmet Düzenleme) Yasası	d14/1976:~doc
Limanlar Dairesi (Kuruluş, Görev ve Çalışma Esasları) Yasası	e9/1987:~0doc|d12/1999:~doc|d22/2007:~doc|d58/2010:~doc
Limanlar Dairesi (Yasal Yetki Devre) Yasası	e23/1976:~doc
Lisanslı Harita Kadastro Mühendislik Büroları ve Şirketleri Yasası	e58/2006:~doc
Maarif Dairesi Teşkilat Yasası	d0/1963:TCM07-63.doc|d0/1963:TCM10-63.doc
Madalya ve Nişanlar Yasası	e56/2000:~doc|d60/2024:7569207_RG - Madalya ve Nişanlar (Değişiklik) Yasası.docx
Mahalli İdare ve Mensupları (Görev Sürelerinin Devamlılığı ve Meşruiyeti) Yasası	e8/1970:~0doc|e19/1971:~doc|e4/1971:~0doc|e17/1972:~doc|e19/1973:~doc|e14/1974:~doc|e19/1974:~doc|e29/1974:~doc
MAHKEMELER (DEĞİŞİKLİK) YASASI	e9/1976:~0doc|d10/1978:~doc|d3/1978:~0doc|d23/1980:~doc|d6/1980:~0doc|d19/1981:~doc|d6/1981:~0DOC|d18/1982:~doc|d34/1982:~doc|d56/1982:~doc|d56/1982:~doc|d21/1983:~doc|d20/1984:~doc|d7/1984:~0doc|d4/1985:~0doc|d24/1986:~doc|d7/1986:~0doc|d15/1988:~doc|d2/1988:~0doc|d5/1988:~0doc|d67/1991:~doc|d15/1995:~doc|d38/1995:~rtf|d8/1995:~0doc|d6/1997:~0doc|d42/2000:~doc|e2/2002:02.2002.doc.doc|d43/2005:~doc|d51/2008:~doc|d15/2009:~doc|d17/2013:mahke.doc|d54/2017:54-17.docx|d47/2024:2685875_mahkemeler 47-2024 Yasası.docx|d06/2026:422144_MAHKEMELER.docx|d23/2026:9005686_Mahkemeler Değ YASASI 23-26.docx
Mal Bildiriminde Bulunulması Yasası	e25/2008:~doc
Mal ve Hizmetler (Düzenleme ve Denetim) Yasası	e21/1977:~doc|d5/1986:~0doc|d41/1987:~doc|d30/2008:~doc
Mala El Koyma Yasası	e21/1962:~doc
Mala Yapılan Hasar İçin Tazminat Alınması Yasası	e57/1962:~doc|d50/1988:~doc
Mali Düzenleme (Geçici Kurallar) Yasası	e39/1996:~doc
Mali Düzenleme ve Kamu Alacaklarının Tahsiline İlişkin (Geçici Kurallar) Yasası	e60/2014:~doc
MALİ DÜZENLEME VE TAHSİLATIN HIZLANDIRILMASI	e27/2003:27_2003.doc
MALİ DÜZENLEME VE TAHSİLATIN HIZLANDIRILMASI (GEÇİCİ KURALLAR) (DEĞİŞİKLİK) YASASI	e51/2003:51_2003.doc
Mali Düzenleme ve Tahsilatın Hızlandırılması (Geçici Kurallar) Yasası	e1/1993:~0doc|d6/2004:~0doc
MALİ DÜZENLEME VE TAHSİLATLARIN HIZLANDIRILMASI (GEÇİCİ KURALLAR) (DEĞİŞİKLİK NO:2) YASASI	e61/2003:61_2003.doc
Mali Yıl (Başlangıç Günü) Yasası	e21/1960:~doc|e21/1960:~doc
Maliye Bakanlığı (Makamlar) Yasası	e13/1960:~doc
Maliye Dairesi Teşkilat Yasası	e0/1960:TCM06-60.doc
Maliye Teftiş ve İnceleme Kurulu (Kuruluş, Görev ve Çalışma Esasları) Yasası	e53/1982:~doc|d27/1990:~doc
Meclis Dairesi Kuruluş Yasası	d15/1977:~doc|d30/1978:~doc|d2/1981:~0doc|d52/1982:~doc
Medical Registration (Amendment) Law	e30/1959:~doc
Memurlara Motorlu Vasıta Satın Almak için Avans Verme Yasası	e0/1961:TCM08-61.doc
Menkul Kıymetler Borsası Yasası	e40/1996:~doc|e40/1996:~doc
Merkez Bankası Teşkilat Yasası	e57/1987:~doc|e57/1987:~doc|d29/1990:~doc|d31/1997:~doc
Merkez Bankası Yasası	d13/1984:~doc|d9/1985:~0doc|d44/1992:~doc|d56/1994:~doc|d38/1998:~doc|d49/2000:~doc
Merkez Bankası Yasasının İç Düzeni	e35/1987:~doc
Merkezi Cezaevi (Kuruluş, Görev ve Çalışma Esasları) Yasası	e45/1988:~doc|d30/1989:~doc|d26/1996:~doc|d35/1996:~doc|d14/1999:~doc|d50/2015:138-3-2015-111111.doc|d13/2022:7784863_YTNO.24-1-2022 cezaevi.docx|d45/2026:4856034_Merkezi Cezaevi YASASI.docx
Merkezi Mevzuat Dairesi (Kuruluş, Görev ve Çalışma Esasları) Yasası	e4/1995:~0doc
Mesleki Teknik Öğretim Dairesi (Kuruluş, Görev ve Çalışma Esasları) Yasası	e69/1989:~doc|d40/1994:~doc|d27/1997:~doc|d13/2009:~doc|d40/2026:3649555_yt.no. 385-5-2026 mesleki teknik ortaöğretim dairesi değişiklik.docx
Mesleki Yeterlilik Yasası	e35/2020:2795636_mes.yet.docx
Meteoroloji Dairesi (Kuruluş, Görev ve Çalışma Esasları Yasası	e42/1992:~doc|d61/1995:~doc
Meteoroloji Dairesi (Kuruluş, Görev ve Çalışma Esasları) Yasası	d15/1999:~doc|d31/2006:~doc|d24/2009:~doc
Metroloji (Ölçü ve Ölçü Aletleri) Yasası	e34/2014:~doc
Meyve Ağaçlarını Koruma Yasası	d18/2004:~doc
MİLLETVEKİLLİĞİ İLE BAĞDAŞMAYAN GÖREVLER, SİYASAL KAMU GÖREVLİLERİNİ ÖDENEKLERİ VE EMEKLİLİK HAKLARINA İLİŞKİN (DEGİŞİKLİK) YASASI	e15/2002:15.2002.doc.doc
Milli Arşiv ve Araştırma Dairesi (Kuruluş, Görev ve Çalışma Esasları) Yasası	e15/1990:~doc|d22/1994:~doc|d84/2007:~doc
Milli Eğitim Denetleme, Değerlendirme ve Yönlendirme Kurulu (Kuruluş, Görev ve Çalışma Esasları) Yasası	e41/2006:~doc|d02/2008:~doc
Milli Eğitim Yasası	e17/1986:~doc|d10/1987:~doc|d40/1992:~doc|e53/2002:53.2002.doc|d55/2006:~doc
Mimarlar ve İnşaat Mühendisleri Yasası	e41/1962:~doc
Motor Vehicles and Road Traffic (Amendment) Law	e25/1959:~doc
Motorlu Araçalr ve Yol Trafik Yasası	d48/2005:~doc
Motorlu Araçlar (Geçici Kurallar) Yasası	e24/1975:~doc
MOTORLU ARAÇLAR (ÜÇÜNCÜ ŞAHIS SİGORTASI) (DEĞİŞİKLİK) YASASI	d38/1989:~doc|d17/1996:~doc|d8/1997:~0doc|e48/2002:48.2002.doc|d54/2005:~doc|d19/2008:~doc|d44/2018:yt 72-2-18.doc
Motorlu Araçlar ve Yol Trafik ( Değişiklik) Yasası	d15/2017:Motorlu Araçlar.docx
MOTORLU ARAÇLAR VE YOL TRAFİK (DEĞİŞİKLİK) YASASI	d18/1963:~doc|d13/1973:~doc|d2/1974:~0doc|d12/1975:~doc|d42/1975:~doc|d40/1976:~doc|d6/1977:~0doc|d39/1982:~doc|d50/1982:~doc|d37/1985:~doc|e37/1985:~DOC|d40/1986:~doc|d40/1986:~doc|d66/1987:~doc|d66/1987:~doc|d59/1988:~doc|d64/1988:~doc|d66/1988:~doc|d59/1990:~doc|d67/1994:~doc|d45/1997:~doc|d41/1999:~doc|e65/2002:65.2002.doc|d19/2004:~doc|d1/2005:~0doc|d40/2008:~doc|d48/2008:~doc|d84/2009:84-2009son.doc|d22/2010:~doc|d15/2014:~doc|d43/2014:~doc|d35/2015:motorluaraclar.doc|d63/2017:arac.docx|d15/2025:8465903_Mot Araç. Yol ve Trafik YT 225-3-2024 -Resmi Gazete.docx|d08/2026:6860183_6402560_340-5-2025 Motorlu Araçlar ve Yol Trafik (Değ) Yasası (1).docx
Motorlu Araçlar ve Yol Trafik Kanunlarını Tadil Eden Ve Birleştiren Kanun	e21/1974:~doc
Motorlu Araçlar ve Yol ve Trafik Yasası	d46/2009:5-1-2009.doc
Motorlu Araçlarla Yolcu Taşınmasını Kontrol (Geçici Hükümler) Yasası	e10/1969:~doc|d26/1970:~doc
Motorlu Araçlarla Yolcu ve Esya Tasinmasi (Denetim) Yasasi	d43/2010:~doc
Motorlu Araçlarla Yolcu ve Eşya Taşınması (Denetim) Yasası	e27/1977:27-1975.doc|d4/1978:~0doc|d20/1982:~doc|d12/1986:~doc|d34/1987:~doc|d67/1989:~doc|d5/1992:~0doc|d7/1994:~0doc|d25/1996:~doc|e50/2000:~doc|e9/2001:~0doc|d51/2005:~doc|d10/2007:~doc|d20/2012:z209-4-2012.doc|d14/2014:~doc|d57/2017:Motor.docx|d26/2023:1699664_MOTORLU ARAÇLAR Yasası.docx|d10/2025:3207584_142-2-2023 Motorlu Araçlar.docx|d29/2026:7664565_Yasa No 29-2026.docx
Motorlu Vasıtalar ve Yol Trafik Kanunu Tadil Eden Kanun	e2/1962:~0doc
Muhaceret Dairesi (Kuruluş, Görev ve Çalışma Esasları) Yasası	e61/1988:~doc|d03/2009:~doc|d10/2024:9697707_Muhaceret Yasası.docx
Murakıplık Dairesi Teşkilat Yasası	e0/1961:TCM04-61.doc
Mutazarır Borçlular (Borç Tanzim ve İktisadi İstismarı Önleme) Yasası	d15/1974:~doc
Mutazarır Borçlular Yasası	d15/1973:~doc|d7/1973:~0doc
Mutazarır Borçlular Yasası Uyarınca Açılmış Davaların Ertelenmesi Yasası	e6/1975:~0doc|d2/1976:~0doc|d10/1977:~doc|d13/1978:~doc
Mücahit Tanzim Yasası	e16/1980:~doc|d25/1981:~doc|d22/1985:~doc|d16/1996:~doc
MÜCAHİT TAZMİN (DEĞİŞİKLİK) YASASI	e24/2003:24_2003.doc|d28/2005:~doc|d51/2010:~doc
Mücahitlerin Tazmini ile Gazilerin Hak ve Menfaatlerinin Belirlenmesi Yasası	d64/2024:2981999_yö.no.69-3-2024 -mücahit tazmin.docx|d19/2025:5134896_yö.78-4-2025 mücahitler YASASI-c.docx|d17/2026:7434248_yt 321-5-2025 mucahitlerin tazmini ile gazilerin hak ve menfaatlerinin belirlenmesi değişiklik.docx
Mücahitlik Hizmetlerini Belgelendirme Yasası	e15/1985:~doc
Mülki Yönetim ve Bölümleri Yasası	e9/1980:~0doc|d44/1983:~doc|e33/1998:~doc|d02/2017:230-5-2016.docx
Müstahdemlere Yıllık Ödenekli İzin Hakkı Sağlayan Kural	e18/1971:~doc
Müstehcen Yayımlar Yasası	e35/1963:~doc
Nüfus Kayıt Dairesi (Kuruluş, Görev ve Çalışma Esasları) Yasası	e6/1988:~0doc
Nüfus Sayımı Bilgi Toplama Tahkikatı Ve İstatistik Araştırma Yapılmasını Öngören Yasa	e16/1970:~doc
Off-Shore Bankacılık Hizmetleri Yasası	e48/1990:~doc|e46/2000:~doc
Off-Shore Şirketleri Hizmetler Yasası	e38/1993:~doc|d30/1997:~doc
OFFSHORE BANKALAR (DEĞİŞİKLİK) YASASI	e21/2002:21.2002.doc.doc
Olağanüstü Durum (Saklı Tutulan Yetkiler)Yasası	e39/1959:~doc
Olağanüstü Durum Süresince Türk Cemaatına Mensup Olmayan Şahıslara Gayrımenkul Mal Satışını Önliyen Kural	e6/1969:~0doc
Olağanüstü Durum Yasası	e56/1983:~doc
Ondört Milyon Üçyüz On Altı Bin Dörtyüz Yetmiş Sekiz Lirayı Geçmiyen Bir Meblağı Otuz Bir Aralık Bin Dokuz Yüz Altmış Bir Tarihinde Sona Erecek On İki Ayın Hizmetine Tahsis Eden Kanun	e9/1961:~0DOC
Onuncu Yıl İkramiyesi Yasası	e4/1994:~0doc
Organ ve Doku Nakli Yasası	e55/1991:~doc
Organik Tarım Yasası	e20/2018:Y.T.4-1-2018.docx
Organize Sanayi Bölgeleri Yasası	d22/2014:~doc|d29/2018:YTNo 37-1-2018.doc|d40/2019:YÖ 24-2-2019.doc|e20/2022:5110555_CUM ORG.docx
Organize Sanayi Bölgesi Yasası	e23/1977:~doc|d58/1977:~doc|d11/1987:~doc
Orman Arazisi (İcarlama ve Yönetim) Yasası	e53/1993:~doc
Orman Dairesi (Kuruluş Görev ve Çalışma Esasları) Yasası	d70/2005:~doc
Orman Dairesi (Kuruluş, Görev ve Çalışma Esasları) Yasası	e59/1989:~doc|d28/1994:~doc|d23/2009:~doc|d34/2023:4773191_yt.no.101-2-2023-ORMAN resmi gazete.docx
Orman Yasası	d26/1995:~doc|d20/2021:5735851_Orman.docx|d10/2023:9266041_YT-10-1-2022.docx
Orta Doğu Teknik Üniversitesi Kuzey Kıbrıs Kampusu	e66/2005:~doc
ORTA DOĞU TEKNİK ÜNİVERSİTESİ KUZEY KIBRIS KAMPUSU (KURULUŞ, GÖREV VE DENETLEME ) YASASI	e60/2003:~doc
Orta Doğu Teknik Üniversitesi Kuzey Kıbrıs Kampusu (Kuruluş, Görev, Çalışma ve Denetleme) Yasası	d26/2015:~doc
Oteller Pansiyonlar ve Halka Açık Yerler (Düzenleme) Yasası	d19/1992:~doc
Oteller Yasası	d59/1991:~doc|d23/1996:~doc|d5/2007:~doc|d14/2026:7436745_Oteller (Değ) Yasası.docx
Otonom Kıbrıs Türk Yönetimi Yurttaşlık Yasası	e3/1975:~0doc
Ögretmenler Yasasi	d71/2009:71-2009s.doc
Öğretmenler Kuralı	e10/1970:~doc
Öğretmenler Kuralını Degiştiren Yasa	e17/1976:~doc
Öğretmenler Kuralını Tadil Eden Kural	e12/1973:~doc|e18/1974:~doc
Öğretmenler Yasası	e10/1970:~doc|d28/1975:~doc|d13/1982:~doc|d29/1982:~doc|d4/1982:~0doc|d45/1982:~doc|d6/1984:~0doc|d33/1985:~doc|d6/1985:~0doc|d11/1986:~doc|d32/1987:~doc|d14/1988:~DOC|d34/1988:~doc|d14/1989:3983558_14-1989.DOC|d3/1990:~0doc|d3/1990:~0doc|d52/1990:~doc|d13/1991:~doc|d61/1991:63-1993.doc|d62/1991:~doc|d12/1992:~doc|d50/1992:~doc|d5/1993:~0doc|d11/1994:~doc|d44/1994:~doc|d1/1995:~0doc|d19/1995:~doc|d3/1995:~0doc|d60/1995:~doc|d14/1996:~doc|d17/1997:~doc|d15/1998:~doc|d2/1998:~0doc|d20/1999:~doc|d4/1999:~0doc|d49/1999:~doc|d65/1999:~doc|d16/2000:~doc|d20/2000:~doc|d11/2001:~doc|d24/2001:~doc|d32/2001:~doc|e22/2002:22.2002.doc.doc|e4/2003:~doc|e64/2003:64_2003.doc|d31/2004:~doc|d36/2004:~doc|d29/2005:~doc|d60/2005:~doc|d45/2006:~doc|d60/2006:~doc|d33/2007:~doc|d56/2007:~doc|d06/2008:~doc|d33/2008:~doc|d38/2008:~doc|d49/2011:~doc|d31/2013:6604952_31-2013.doc|d08/2015:y.t.131-3-2015zz.doc|d47/2015:öğretmen.doc|d49/2017:272-5-2017 og.docx|d34/2019:ogretmenler yasa.docx|d12/2022:2168658_YTNO.23-1-2022.docx|d31/2023:6347616_ytno.57-1-2022 öğr resmi.docx|d26/2024:8722014_26-2024 Öğretmenler HP.docx|d33/2024:7946598_174-197-3-2024 birleştirilmiş öğretmenler.docx
Öğretmenler Yasasında Hayat Pahalılığı Ödeneği Hakkını Düzenleyen 53’üncü Maddesinin Uygulanmasının 3 Ay Süre İle Durdurulmasına İlişkin (Geçici Kurallar) Yasası	e50/2018:YGK 33-2-18 ogretmen.docx
Öğretmenler Yasasının 53üncü Maddesinin (1)inci Fıkrasında Düzenlenmiş Olan Hayat Pahalılığı Ödeneği Hakkının Yeniden Düzenlenmesine İlişkin Yasa	e63/2009:~doc
Öğretmenler Yasasının Hayat Pahalılığı Ödeneği Hakkını Düzenleyen 53’üncü Maddesinin Uygulanmasının Durdurulmasına İlişkin (Geçici Kurallar) Yasası	e14/2011:~doc|e12/2015:12--2015.doc
Özel Af (No 2) Yasası	e1/1978:~0doc
Özel Af (No1) Yasası	e3/1977:~0doc
Özel Gereksinimli Bireylerin Eğitimi Yasası	e24/2022:3841819_cumh özel.docx
Özel Güvenlik Hizmetleri Yasası	e33/2017:özel 17.5.docx
Özel Hastahane, Özel Klinik, Özel Dispanser ve Özel Muayehaneler (Denetim) Yasası	e32/1998:~doc
ÖZEL HASTAHANE, ÖZEL KLİNİK, ÖZEL DİSPANSER VE ÖZEL MUAYENEHANELER (DENETİM) (DEĞİŞİKLİK) YASASI	e38/2002:38.2002.doc.doc
Özel Hastane, Özel Dal Hastanesi, Özel Klinik, Özel Dispanser ve Özel Muayenehaneler (Denetim) Yasası	e37/2012:212-4-2012.doc
Özel Hayatın ve Hayatın Gizli Alanının Korunması Yasası	e32/2014:~doc
Özel Huzurevleri Yasası	e32/2006:~doc
Özel İletişim Hizmetleri Vergisi Yasası	e62/2007:~doc
Özel Mali Hükümler Yasası	e6/1961:~0doc
Özelleştirme Yasası	e24/2012:~doc|d01/2015:Y.Ö.40-44-3-2014Özelleştirme).docx|d01/2017:ozelles.docx
Özürlüleri Koruma ve Rehabilite Yasası	e64/1993:~doc|e64/1993:~doc
Özürlüleri Koruma, Rehabilite ve Istihdam Yasası	d52/2000:~doc
Özürlüleri Koruma, Rehabilite ve İstihdam Yasası	d51/1994:~doc|d69/2006:~doc
Para Kambiyo ve İnkişaf Sandığı İşleri Dairesi (Kuruluş, Görev ve Çalışma Esasları) Yasası	e46/1987:~doc|d3/1997:~0doc
Para ve Kambiyo İşleri Yasası	e38/1982:~doc|d22/1987:~doc|d46/1992:~doc|d46/1994:~doc
Para ve Kambiyo Yasası	e38/1997:~doc|d18/2025:5601088_Birleştirilmiş Para ve Kambiyo (Değ) Yasası.docx
Para, Kambiyo ve İnkişaf Sandığı İşleri Dairesi (Kuruluş, Görev ve Çalışma Esasları) Yasası	e33/2025:866003_yt.no. 289-4-2025-para kambiyo teşkilat.docx
Patentalar Yasası	d25/1995:25-1998.doc
Patlayıcı Maddeler Yasası	d55/1988:~doc|d37/2005:~doc
Personel Dairesi (Kuruluş, Görev ve Çalışma Esasları) Yasası	e77/1989:~doc|e7/1999:~0doc
Piyangolar Yasası	d23/1981:~doc|d23/1995:~doc
Plajların Kullanım ve Denetimi Yasası	e26/1993:~doc|d55/1994:~doc
Planlama ve İnşaat Dairesi (Kuruluş, Görev ve Çalışma Esasları) Yasası	e79/1991:~doc|d22/1997:~doc
Poliçeler Yasasi	d29/1989:~doc|d34/2006:~doc|d20/2010:~doc|d46/2011:~doc|d21/2013:yasapol.doc|d32/2024:8906076_Poliçeler (Değişiklik) Yasası.docx
Polis Örgütü (Kurulus, Görev ve Yetkileri) Yasasi	d70/2009:70-2009s.doc|d87/2009:87-2009s.doc
Polis Örgütü (Kuruluş ,Görev ve Yetkileri)Yasası	d46/2006:~doc
POLİS ÖRGÜTÜ (KURULUŞ, GÖREV VE YETKİLERİ)	e13/2003:13_2003.doc
POLİS ÖRGÜTÜ (KURULUŞ, GÖREV VE YETKİLERİ) (DEĞİŞİKLİK) YASASI	e51/1984:~doc|d27/1988:~doc|d32/1988:~doc|d53/1990:~doc|d6/1990:~0doc|d76/1991:~doc|d56/1995:~doc|d36/1996:~doc|d9/1997:~0DOC|d21/2001:~doc|e26/2002:26.2002.doc|e47/2002:47.2002.doc|e57/2003:~doc|d19/2005:~doc|d50/2005:~doc|d55/2008:~doc|d36/2011:~doc|e38/2011:~doc|d14/2012:yasa203-4-2011.doc|d01/2013:~doc|d02/2013:~doc|d38/2014:~doc|d68/2017:yt.no.235-5-2017.docx|d02/2020:4003706_pol.docx|d31/2022:7748465_yt no 78-2-2022.docx|d11/2024:4714415_180-3-2024 polis cumhur.docx|d27/2024:5106217_27-2024 Polis Örgütü HP.docx|d64/2026:2802973_Polis Örgütü (Kuruluş, Görev ve Yet) (Değiş.) YASASI.docx
Polis Örgütü (Kuruluş, Görev ve Yetkileri) Yasasının 40ıncı Maddesinin (1)inci Fıkrasında Düzenlenmiş Olan Hayat Pahalılığı Ödeneği Hakkının Yeniden Düzenlenmesine İlişkin Yasa	e64/2009:~doc
Polis Örgütü (Kuruluş, Görev ve Yetkileri) Yasasının Hayat Pahalılığı Ödeneği Hakkını Düzenleyen 40’ıncı Maddesinin Uygulanmasının 3 Ay Süre İle Durdurulmasına İlişkin (Geçici Kurallar) Yasası	e56/2018:YGK 34-2-18 polis.docx
Polis Örgütü (Kuruluş, Görev ve Yetkileri) Yasasının Hayat Pahalılığı Ödeneği Hakkını Düzenleyen 40’ıncı Maddesinin Uygulanmasının Durdurulmasına İlişkin (Geçici Kurallar) Yasası	e15/2011:~doc|e15/2015:~doc
Polis Yasası	d2/1971:~0doc
POSTA DAİRESİ (KURULUŞ , GÖREV VE ÇALIŞMA ESASLARI) (DEĞİŞİKLİK ) YASASI	e72/2003:72_2003.doc
Posta Dairesi (Kuruluş, Görev ve Çalışma Esasları) Yasası	e28/1984:~doc
Pul Yasası	d3/1961:~0doc|e19/1963:~doc|d29/1970:~doc|d17/1973:~doc|d2/1973:~0doc|d37/1977:~doc|d27/1980:~doc|d12/1987:~doc|d42/1987:~doc|d25/1991:~doc|e25/1991:~DOC|d39/1995:~doc|d11/2006:~doc|d02/2026:6855949_1904515_8228648_Pul (Değ) Yasası (3) (2).docx
Rekabet Yasası	e36/2009:~doc|d03/2012:136-3-2010.doc|d12/2023:6992194_bir.rekabet.doc
Resmi Kabz Memurluğu ve Mukayitlik Dairesi (Kuruluş, Görev ve Çalışma Esasları) Yasası	e6/1987:~0doc|d68/1991:~doc
Resmi Remz Yasası	e0/1961:TCM11-61.doc
Resmi Tatil Günleri ve Anma Günleri Yasası	e0/1961:TCM05-61.doc
Resmi Tatil Günleri Yasası	d0/1963:TCM09-63.doc
Resmi Tatil ve Anma Günleri Yasası	e18/1975:~doc|d4/1976:~0doc|d41/1984:~doc|e49/1984:~doc
Restorancılar Birliği Yasası	e46/2008:~doc
RIHTIM HARÇLARI (DEĞİŞİKLİK) YASASI	e22/1978:~doc|d11/1983:~doc|d32/1986:~doc|d37/1988:~doc|d1/1991:~0doc|d10/1992:~doc|d30/1995:~doc|e10/2002:10.2002.doc.doc
Sabıka Kaydının Silinmesi Yasası	e26/2012:yasa194-4-2011.doc|d30/2016:sabıka (1).doc|d41/2018:sabıka yasa.docx|e50/2025:8960051_Sayı 50-2025 Sabıka Kaydının Silinmesi.doc
Sabit Kıymetlerin Güncellenmesi ve Birikmiş Kamu Alacaklarının Tahsiline İlişkin İndirimli Mali Düzenleme Yasası	e15/2020:111743_sabit K.docx
Sağlık Fonu Yasası	e08/2012:179-4-2011.doc
Sağlık Hizmetleri Dairesi (Kuruluş, Görev ve Çalışma Esasları) Yasası	e60/2026:4695496_yt.no-80-2-2022 sağlık hizmetleri Dairesi yasası.docx
Sahil Güvenlik Komutanlığı (Birliği) Yasası	e1/1992:~0doc
Sahilleri Koruma Yasası	d22/1961:~doc|d28/1996:~doc|d32/2008:~doc
Sakatların İstihdamını Öngören Yasa	e8/1981:~0doc
Sakinlerin Kaydı Yasası	d8/1973:~0doc|d41/2025:845910_294-4-2025 Yasası.docx
Sanayi Dairesi (Kuruluş, Görev ve Çalışma Esasları) Yasası	e32/1989:~doc|d2/1997:~0doc
Sanayi Sicil Yasası	e46/2019:san.docx|d13/2024:6354232_Sanayi Sicil Degişiklik Yasası 130-2-2023.doc
Sanayi ve Turizm Yatırımları Teşvik Yasası	e6/1974:~0doc
Sanayi Yatırımları Teşvik Yasası	e45/1984:~doc
Sans Oyunlari Hizmetleri Vergisi Yasasi	d44/2010:~doc
Sans Oyunlari Yasasi	e31/2009:~doc
Sayıştay Yasası	e18/1978:~doc|d47/1982:~doc|d48/1982:~doc|d58/1982:~doc|d9/1984:~0doc|d5/1985:~0doc|d2/1986:~0doc|d2/1986:~0doc|d22/1986:~doc|d23/1986:~doc|d23/1988:~doc|d7/1990:~0doc|d44/1997:~doc|d50/1999:~doc|e5/2002:05.2002.doc.doc|d49/2007:~doc|d56/2008:~doc|d45/2009:~doc|d37/2016:214-4-2016.docx|d22/2023:8461168_Sayıştay 22.5.23.docx
Secondary Education (Amendment) Law	e44/1959:~doc
Seçim (Geçici Hükümler) Yasası	e71/1963:~doc
Seçim Kanunları (Yürürlükte Devamı) Yasası	e22/1962:~doc
Seçim ve Halkoylaması (Geçici Kurallar No:2) Yasası	e45/2024:1211509_Resmi Gazete - Seçim ve  Halkoylaması (Geçici Kurallar No2) Yasası.docx
Seçim ve Halkoylaması (Geçici Kurallar) Yasası	e5/1976:~0doc|d29/1977:~doc|d1/1980:~0doc|d4/1980:~0doc|d12/1981:~doc|d17/1985:~doc|d19/1985:~doc|d15/1986:~doc|d16/1986:2680442_16-1986.doc|d60/1988:~doc|d17/1990:~doc|d33/1990:~doc|d52/1991:~doc|d78/1991:~doc|d46/1993:~doc|d58/1993:~doc|d58/1993:~doc|d59/1993:~doc|d59/1993:~doc|d12/1994:~doc|d12/1994:~doc|d12/1998:~doc|d48/1998:~doc|e14/2002:14.2002.doc.doc|d33/2016:seç.doc|d59/2017:Seçim ve Halkoylaması (Değişiklik) Yasası.docx|e11/2018:iade seçim 5-1-2018.docx|d27/2021:4478716_sec ve halk.docx|d07/2022:6255245_yöno.6-1-2022.docx|e21/2022:6210109_cumh seçim.docx|e41/2022:4719479_yasa cumhur 14-4-2022 (2).docx|e17/2023:6829114_sec.docx|d23/2023:6074270_Yasası 29-2-23.docx|e36/2023:7867172_Seçim ve Halkoylaması Değişiklik 33-2-2023.docx|e44/2024:7256960_Seçim ve Halkoylaması Yasası - RG.docx|d55/2026:6414637_Seçim ve Halkoylaması RG.docx|d70/2026:6838556_31-2-2023 CM İADE - RG.doc
Seçim ve Halkoylaması Yasası.	d2/1994:~0doc
Seçim ve Halkoylamasi Yasasi	d24/2010:~doc
Seçimler (Cumhurbaşkan Muavini ve Temsilciler Meclisi Türk Üyeleri)(Geçici Hükümler) Yasası	e1/1965:~0doc
Seçimler (Cumhurbaşkanı ve Cumhurbaşkan Muavini) (Ek Kurallar)Yasası	e42/1959:~doc
Seçimler (Cumhurbaşkanı ve Cumhurbaşkan Muavini) Yasası	e37/1959:~doc
Seçimler (Temsilciler Meclisi ve Cemaat Meclisi) Yasası	e47/1959:~doc|d15/1970:~doc|d21/1970:~doc|d22/1970:~doc
Seçmenlerin Kaydı (Ek Kayıtlar) Yasası	e45/1959:~doc|e18/1972:~doc
Seçmenlerin Kaydı Yasası	e36/1959:~doc
Seferberlik Yasası	e17/1980:~doc|d8/1983:~0doc|d70/1991:~doc|d26/1998:~doc|d47/2006:~doc
Sendikalar Yasası	d17/1971:~doc|d22/1974:~doc
Serbest Liman ve Bölge Yasası	e14/1977:~doc|e26/1983:~doc|d41/1988:~doc|d37/1996:~doc|d37/2002:2306372_37-2002.doc|d28/2011:~doc|d52/2024:7095556_YT_172-3-2024 Serbest Liman.docx|d07/2025:2788624_Serbest Liman YT 262-4-2024.doc
Serbest Otlak Keçisi Vergisi (Ilga) Yasası	e16/1961:~doc
Sermaye ve Ekonomik Varlıklarının Yeniden Değerlendirilmesi Yasasını Yürürlükten Kaldıran Yasa	e55/2007:~doc
Sığınak Yasası	e44/2000:~doc|d34/2004:~doc|d14/2005:~doc|d17/2009:17-2009a.doc|d23/2014:~doc
Sigorta Hizmetleri (Düzenleme ve Denetim) Yasası	e39/1993:~doc|e39/1993:~doc|d72/2009:72-2009s.doc|e60/2010:~doc|d11/2014:~doc|d27/2020:7509624_sigorta cm.docx|d36/2025:1675997_Sigorta Hizmetleri (Değ) Yasası.docx
Sinematogratif Filimler Yasası	d27/1962:~doc
Sivil Havacılık Dairesi (Kuruluş, Görev ve Çalışma Esasları) Yasası	e41/1989:~doc|d18/1991:~doc|d27/1993:~doc|d27/1993:~doc|d22/1998:~doc|d44/1998:~doc|d45/1999:~doc|d56/1999:~doc|d28/2006:~doc|d43/2008:~doc|d02/2016:190-4-2015 sooon.doc|d42/2019:sıv.hav.docx|d71/2023:6919428_4481269_Y.T.No. 123-2-2023-sivil havacılık yasası.docx|d56/2026:7089729_sivil havacılık.docx
Sivil Havacılık Güvenlik Yasası	e58/2023:6146197_İÇ DÜZENLİ METİN YAYINLANAN.docx
Sivil Savunma Kuralı	e3/1972:~0doc
SİVİL SAVUNMA KURALINI DEĞİŞTİREN YASA	e38/1976:~doc
Sivil Savunma Örgütü Personel Yasası	e45/1977:~doc
Sivil Savunma Teskilati Personel Yasasi	d52/2010:~doc
Sivil Savunma Teşkilat Personel Yasası	e2/1980:~0doc|d15/1982:~doc|d5/1982:~0doc|d11/1984:~doc|d40/1984:~doc|d34/1986:~doc|d53/1987:~doc|d35/1988:~doc|d40/1988:~doc|d51/1990:~doc|d30/1992:~doc|d49/1994:~doc|d12/2001:~doc|d28/2001:~doc
SİVİL SAVUNMA TEŞKİLATI PERSONEL (DEĞİŞİKLİK) YASASI	e44/2002:44.2002.doc.doc|d16/2004:~doc|d16/2005:~doc|d77/2009:~doc|d04/2011:~doc|d31/2011:~doc|d20/2017:248-5-2017 ss.docx|d05/2020:5178713_sıv.docx|d42/2023:4965304_SİVİL SAVUNMA SAATLER.docx|d23/2024:8789201_23-2024 Sivil Savunma HP.docx
Sivil Savunma Teşkilatı Personel Yasasının 24üncü Maddesinde Düzenlenmiş Olan Hayat Pahalılığı Ödeneği Hakkının Yeniden Düzenlenmesine İlişkin Yasa	e65/2009:~doc
Sivil Savunma Teşkilatı Personel Yasasının Hayat Pahalılığı Ödeneği Hakkını Düzenleyen 24’üncü Maddenin Uygulanmasının Durdurulmasına İlişkin (Geçici Kurallar) Yasası	e16/2011:~doc
Sivil Savunma Teşkilatı Personel Yasasının Hayat Pahalılığı Ödeneği Hakkını Düzenleyen 24’üncü Maddesinin Uygulanmasının 3 Ay Süre İle Durdurulmasına İlişkin (Geçici Kurallar) Yasası	e57/2018:YGK 35-2-18 sivil sav.docx
Sivil Savunma Teşkilatı Personel Yasasının Hayat Pahalılığı Ödeneği Hakkını Düzenleyen 24’üncü Maddesinin Uygulanmasının Durdurulmasına İlişkin (Geçici Kurallar) Yasası	e18/2015:~doc
Sivil Savunma Teşkilatı Personeli Yasası	d49/2020:1107479_sivil savunma.docx
Sivil Savunma Yasası	d35/1976:~doc|d35/1977:~DOC|d15/1991:~doc|d33/1995:~doc
Siyasal Kamu Görevlileri Emeklilik (Geçici kurallar) Yasası	e47/1999:~doc
Siyasal Kamu Görevlileri Yasası	e52/1987:~doc|d33/1992:~doc
Siyasal Kamu Görevlilerinin Ödenmeleri ve Milletvekilliği ile Bağdaşmayan Görevler Yasası	e10/1979:~doc|d16/1982:~doc|d2/1982:~0doc|d55/1982:~doc|d8/1984:~0doc|d21/1986:~doc
Siyasal Partiler Yasası	e10/1975:~doc|d10/1976:~doc|d26/1976:~doc|d28/1976:~DOC|d27/1981:~doc|d18/1990:~doc|d77/1991:~doc|d69/2007:~doc|e49/2015:yö.4.2.2013.doc|d33/2023:7642461_Siyasal Partiler Değ. Yasası.docx|d24/2025:8595553_Siyasal Partiler CM.docx
Siyasal Partilere Yardım (Özel Kurallar) Yasası	e62/1994:~doc
Sokağa Çıkma Yasağı Yasası	d16/2020:7930636_YGK Birleştirilmiş 68- 101-3-20.docx
Sosyal Guvenlik Kurumlarina Tabi Hizmetlerin Hesaplanmasi Yasasi	d49/1998:~doc
SOSYAL GÜVENLİK KURUMLARINA TABİ HİZMETLERİN HESAPLANMASI (DEĞİŞİKLİK) YASASI	d16/2001:~doc|e37/2001:~doc|e27/2002:27.2002.doc|d16/2012:~doc
Sosyal Güvenlik Kurumlarına Tabi Hizmetlerin Hesaplanması Yasası	d96/2007:~doc
Sosyal Güvenlik Kurumlarına Tabi Hizmetlerinin Hesaplanması Yasası	d67/2006:~doc
Sosyal Güvenlik Kurumlarına Tabii Hizmetlerin Hesaplanması Yasası	d62/2005:~doc
Sosyal Güvenlik Primlerine Uygulanan Gecikme Zammı Oranlarının Yeniden Düzenlenmesine İlişkin Yasa	e56/2009:~doc
Sosyal Güvenlik Yasası	e73/2007:~doc|d80/2009:~doc|d04/2010:~doc|d05/2012:169-3-2011.doc|d26/2013:~doc|d36/2015:sosyalg.doc|d28/2017:YT No 255-5-2017 sos g guliz.docx|d31/2017:257-5-2017 sg.docx|d10/2019:sos guv.docx|d06/2020:3202674_Sosyal Güvenlik 10 Mayıs.docx|d25/2023:9278465_103-2-2023- Sosyal Güvenlik (Değ) 25-2023.docx|d22/2024:5004498_22-2024 Sosyal Güvenlik HP.docx|d53/2026:8356169_355-5-2026 Sosyal Güvenlik.docx|d54/2026:4000169_Sosyal güv Yasası.docx
Sosyal Güvenlik Yasasında Aylık ve Gelirlerin Yükseltilmesini Düzenleyen 110’uncu Maddesinin Uygulanmasının Durdurulmasına İlişkin (Geçici Kurallar) Yasası	e24/2011:~doc
Sosyal Güvenlik Yasasının 110uncu Maddesinde Düzenlenmiş Olan Aylık ve GelirlerinYükseltilmesinin Yeniden Düzenlenmesine İlişkin Yasa	e57/2009:~doc
Sosyal Güvenlik Yasasının Hayat Pahalılığı Ödeneği Hakkını Düzenleyen 110’uncu Maddesinin Uygulanmasının 3 Ay Süre İle Durdurulmasına İlişkin (Geçici Kurallar) Yasası	e48/2018:sosyalguv.docx
Sosyal Hizmetler Dairesi (Kuruluş, Görev ve Çalışma Esasları) Yasası	e8/1988:~0doc|d33/1994:~doc|e35/2025:5431343_Sosyal Hizmetler Yasası yt 241-4-2024.docx
Sosyal Konut Yasası	e23/1978:~doc|d52/1984:~doc|d55/1987:~doc|e57/2002:57.2002.doc|d71/2005:~doc
Sosyal Sigorta Gecikme Zammı Oranlarının Yeniden Düzenlenmesine İlişkin Yasa	e48/2009:~doc
SOSYAL SİGORTALAR DAİRESİ (KURULUŞ, GÖREV VE ÇALIŞMA ESASLARI) (DEĞİŞİKLİK) YASASI	e58/1989:~doc|d40/1995:~doc|e5/2003:~doc|d02/2019:sos..sig...docx
Sosyal Sigortalar Yasası	d23/1961:~doc|e16/1976:~doc|d43/1982:~doc|d26/1985:~doc|d26/1985:~doc|d36/1988:~doc|d14/1990:~doc|d16/2008:~doc
Sosyal Yardımlar Yasası	e72/1989:~doc
Sözleşme Yasası	d21/1989:~doc
Sözleşmeler Yasası	d41/2024:9725534_YT - Sözleşmeler (Deg) Yasası.docx
Special Court (Amendment) Law	e12/1959:11-1959-2.doc
Spor Dairesi (Kuruluş, Görev ve Çalışma Esasları) Yasası	e65/1987:~doc|d26/1994:~doc
Streets and Buildings Regulation (Amendment) Law	e14/1959:~doc
Su İşleri Dairesi (Kuruluş, Görev ve Çalışma Esasları) Yasası	e39/1988:~doc|d27/1989:~doc|d31/1993:~doc|d31/1993:~doc|d24/1994:~doc|d21/2009:~doc
Su Temini (Özel Tedbirler) Yasası	e46/1977:~doc|d32/1984:~doc
Su Ürünleri Yasası	e27/2000:~doc|d52/2020:3105505_su....doc
Suç Gelirlerinin Aklanmasının Önlenmesi Yasası	e04/2008:~doc
Suç Gelirlerinin Aklanmasının, Terörizmin Finansmanının ve Kitle İmha Silahlarının Yaygınlaşmasının Finansmanının Önlenmesi Yasası	e01/2024:4900073_suc geliri iç düzen artı yasa.docx|d22/2025:2975945_Suç Gelirleri (Değişiklik) Yasası.docx
Suç Gelirlerinin Aklanmasinin Önlenmesi Yasasi	d73/2009:73-2009s.doc
Suçluların Davasız Halli Yasası	d2/1989:~0doc|d36/1991:~doc|d29/1996:~doc
Suçluların Geri Verilmesi Mahkeme İlamlarının Karşılıklı Tenfizi ve Adli Yardımlaşma Yasası	e43/1988:~doc
Sulama Birliği (Özel Sular) Yasası	d18/1983:~doc|d51/1988:~doc
Sulama Bölgeleri (Köyler) Yasası	d16/1983:~doc
Sulama Örgütleri (Kuruluş ve Görevleri) Yasası	e22/1977:~doc
SULAMA ÖRGÜTLERİ VE TARIMSAL AMAÇLI SU KULLANIM YASASI	e34/2002:34.2002.doc
Sünger Avcılığı Yasası	d8/1989:~0doc
SÜT ENDÜSTRİSİ KURUMU 2013 MALİ YILI YASASI	e36/2013:sütek yasası.doc
Süt Endüstrisi Kurumu Yasası	d14/1986:~doc
Şahadet Yasası	d33/2006:~doc
Şahsi Vergiler (Gelir Vergisi) Yasası	d0/1963:TCM01-63.doc|d2/1969:~0doc|d3/1973:~0doc|d26/1974:~doc|d61/1977:~doc|d8/1979:~0doc|d19/1980:~doc|d5/1980:~0doc
Şans Oyunları Hizmetleri Vergisi Yasası	e71/2007:~doc|d35/2024:5986310_ŞansOyunlarıHizmetleriVergisi (Değişiklik) Yasası.docx
Şans Oyunları Yasası	d57/2011:~doc|d01/2012:205-4-2011.doc|d38/2015:sansoyunları.doc|d26/2025:7187270_Şans Oyunları (Değ) Yasası.docx
Şehir Planlama Dairesi (Kuruluş, Görev ve Çalışma Esasları) Yasası	e47/1988:~doc
Şehit Aileleri ve Malûllere Yardım Yasası	d24/2013:yasaşehit.doc
ŞEHİT AİLELERİ VE MALÜLLERE YARDIM (DEĞİŞİKLİK) YASASI	e33/2002:33.2002.doc|d41/2015:155-3-2015.doc|d21/2023:978844_yt.no.91-2-2023 şehit.docx
Şehit ve Hadise Kurbanı Aileleri ve Malullere Yardım Yasası	e7/1974:~0doc|d25/1984:~doc|d70/1989:~doc
Şehit ve Hadise Kurbanı Aileleri ve Malullere Yardım Yasasını Değiştiren Yasa	e11/1975:~doc
Şehit ve Hadise Kurbanı Çocuklarına Arsa Verilmesini Düzenleyen Yasa	e21/1985:~doc
Şehitlikler ve Anıtlar Yasası	e19/1991:~doc
ŞİRKETLER (DEĞİŞİKLİK) YASASI	d28/1974:~doc|d7/1977:~0doc|d30/1983:~doc|d28/1987:~doc|d65/1989:~doc|d65/1989:~doc|d56/1991:~doc|d42/1997:~doc|e29/2003:29_2003.doc|d35/2007:~doc
Tabibler Birliği Yasası	e13/1976:~doc|d55/1977:~doc|d74/1989:~doc|d9/1992:~0doc
Taksit Emrine Uymayanların Affedilmesine İlişkin Yasa	e42/2012:44-5-2012.doc
Talim ve Terbiye Dairesi (Kuruluş ,Görev ve Çalışma Esasları) Yasası	e31/2000:~doc
Talim ve Terbiye Dairesi (Kuruluş, Görev ve Çalışma Esasları) Yasası	d14/2009:~doc
Tanıtma Dairesi (Kuruluş, Görev ve Çalışma Esasları) Yasası	e19/1988:~doc
Tapu ve Kadastro (Özel Kurallar) Yasası	e19/1975:~doc|d1/1981:~0doc|d42/1984:~doc|d46/2014:~doc
Tapu ve Kadastro Dairesi (Harçlar ve Ücretler) (Geçici Kurallar) Yasası	d1/1972:~0doc|d40/1987:~doc|d41/1991:~doc|d18/1996:~doc|d3/2006:~0doc|d54/2007:~doc|e36/2014:~doc
Tapu ve Kadastro Dairesi (Kuruluş, Görev ve Çalışma Esasları) Yasası	e44/1988:~doc|e45/2002:45.2002.doc|d57/2010:~doc|e45/2025:4724635_y.t 270-4-2025 Tapu K Yasası.docx
Tarım Dairesi (Kuruluş Görev ve Çalışma Esasları) Yasası	d74/2005:~doc
Tarım Dairesi (Kuruluş, Görev ve Çalışma Esasları) Yasası	e48/1988:~doc|d32/1990:~doc|d30/1994:~doc|d19/2009:~doc|d08/2019:tarım.docx
Tarımsal Araştırma Enstitüsü (Kuruluş Görev ve Çalışma Esasları) Yasası	d72/2005:~doc
Tarımsal Araştırma Enstitüsü (Kuruluş, Görev ve Çalışma Esasları) Yasası	e62/1988:~doc|d07/2019:tarımsal ar.docx
Tarımsal İlaçlar Denetimi Hakkında Yasa	e64/1987:~doc
Tarımsal İlaçlar Yasası	d28/1989:~doc|d82/2007:~doc
Tarımsal İşletme ve Üreticilerin Kaydı ve Üretimin Desteklenmesi Yasası	e71/2002:~doc
Tartı ve Ölçüler Yasası	e44/1977:~doc|d20/1983:~doc|d35/1991:~doc
TASARRUF MEVDUATI SİGORTA FONU (DEĞİŞİKLİK)	e39/2001:~doc|e33/2003:33_2003.doc
Tasarruf Mevduatı Sigorta Fonu Yasası	d43/1997:~doc|e21/2000:~doc|e40/2001:~doc
Tasarruf Mevduatı Sigortası ve Finansal İstikrar Fonu Yasası	e32/2009:~doc|d61/2023:9844933_118-2-2023 tasarruf.docx
Tasdik Memurları Yasası	e54/2024:5462282_y.t.190-3-2023-tasdik memurluğu.docx
Tasdik Memuru Yasası	d13/1972:~doc
Tasfiye Edilmiş ve Edilecek Olan Halen Mevcut Kamu İktisadi Teşebbüsleri, Döner Sermayeli Kuruluşlar ve Devletin Sermayelerine İştirak Etmiş Olduğu Kamu Ku	e46/1998:~doc
Tasfiye Edilmiş veya Edilecek Olan Halen Mevcut Kamu İktisadi Teşebbüsleri, Döner Sermayeli Kuruluşlar ve Devletin Sermayelerine İştirak Etmiş Olduğu Kamu Kuruluşlarının ve Diğer Kamu Kurumlarının Borçlarının Ödenmesi Yasası	d10/2014:~doc
TASFİYE HALİNDEKİ BANKALAR İLE YÖNETİMİ VE DENETİMİ FONA DEVREDİLEN BANKALARA AİT ALACAKLARIN TASARRUF MEVDUATI SİGORTA FONUNA DEVRİ YASASI	e62/2002:62.2002.doc
TASFİYE HALİNDEKİ BANKALARIN ALACAKLARINA İLİŞKİN YASA	e36/2002:36.2002.doc.doc
Tasfiye Halindeki Bankaların Alacaklarına İlişkin Yasası	d69/2005:~doc
Taşınmaz Mal (Devir ve İpotek) Yasası	e11/1978:~doc|d29/1981:~doc|d37/2006:~doc|d37/2007:~doc
Taşınmaz Mal (Tasarruf, Kayıt ve Kıymet Takdiri) Yasası	d7/1978:~0doc|d18/2006:~doc|d56/2017:Taşınmaz.doc|d23/2018:YTNo 8-1-2018.doc|d29/2020:4850055_tasınmaz.docx
TAŞINMAZ MAL EDİNME (YABANCILAR) (DEĞİŞİKLİK) YASASI	e35/2002:35.2002.doc
Taşınmaz Mal Edinme ve Uzun Vadeli Kiralama (Yabancılar) (Geçici Kurallar) Yasası	e52/2008:~doc|e28/2019:~docx|d39/2024:4055871_196-3-2024 - Taşınmaz Mal Edinme ve Uzun Vadeli Kiralama (Yabancılar) (Değişiklik) Yasası RG.docx
Taşınmaz Mal Kira Stopajı Oranlarının Yeniden Düzenlenmesine İlişkin (Geçici Kurallar) Yasası	e14/2018:Y.G.14-3-2015.doc
Taşınmaz Mal Satış Devir İşlerini Düzenleyen Yasa	e27/1987:~doc
Taşınmaz Mal Vergisi Yasası	e50/1995:~doc|d15/2006:15-2006a.doc|d39/2006:~doc|d42/2007:~doc|d18/2008:~doc|d02/2021:2667384_tasınmaz mal.pdf
Tatil Evleri Yasası	e54/2025:4966380_Tatil Evleri Yasası.doc
Tatlı Su Balıklarını Koruma Yasası	e8/1963:~0doc
Tazminat (Hak Sahibi Memurlar) Yasası	e52/1962:~doc|d68/1962:~doc
TC Sağlık Bakanlığı ile KKTC Çalışma ve Sağlık Bakanlığı Arasında 27 Mayıs 1992 Tarihinde İmzalanan Sağlık Alanında İşbirliğine İlişkin Andlaşmanın Onaylan	e54/1992:~doc
Tehlikeli İlaçlar Yasası	d54/1961:~doc
Tekaüdiyeler (Artış) Yasası	e13/1961:~doc
Teknoloji Geliştirme Bölgeleri Yasası	e2/2005:~0doc|e42/2018:YT 55-1-2018.doc|d19/2023:772507_ytno.77-2-2022-teknoloji.docx|d18/2026:6957067_350-5-2026 Teknoloji (değ) Yasası.docx
Telekominikasyon Dairesi (Kuruluş, Görev ve Çalışma Esasları) Yasası	e20/1988:~doc
Telekomünikasyon Dairesi (Kuruluş, Görev ve Çalışma Esasları) Yasası	d52/2006:~doc|d73/2006:~doc|d21/2007:~doc|d20/2009:~doc
Telekomünikasyon Dairesi (Kuruluş, Görev Ve Çalışma Esasları)Yasası	d38/2004:~doc
Telgraf Yasası	d61/1962:~DOC|d62/1962:~doc|d15/2008:~doc
TELSİZ TELGRAF (GEÇİCİ HÜKÜMLER) (DEĞİŞİKLİK)	e9/2002:09.2002.doc.doc
Telsiz Telgraf (Geçici Hükümler) Yasası	e11/1970:~doc|d25/1974:~doc|d37/1976:~doc|d8/1986:~0doc|d32/1991:~doc|d32/1995:~doc
TEMEL SAĞLIK HİZMETLERİ DAİRESİ	e36/2003:36_2003.doc|e37/2003:37_2003.doc
Temel Sağlık Hizmetleri Dairesi (Kuruluş, Görev ve Çalışma Esasları) Yasası	e57/1989:~doc|d41/1993:~doc|d41/1993:~doc|d33/1996:~doc|d14/1997:~doc|d13/1999:~doc|d38/2000:~doc|d41/2000:~doc|d34/2026:3733129_yt302-4-2025 Temel sağlık yasası.docx
Temsilciler Meclisi Daireleri Kadrosu Yasası	e24/1961:~doc
Temsilciler Meclisi Türk Üyelerinin Görev süresini Temsit Eden Yasa	e2/1968:~0doc|e13/1969:~doc
TEŞVİK (DEĞİŞİKLİK) YASASI	e47/2000:~doc|e46/2002:46.2002.doc|e44/2003:44_2003.doc|d13/2014:~doc|d26/2014:26-2-2014.doc
Teşvik Değişiklik Yasası	d3/2004:~0doc
Tıp Kayıt Kanununu Tadil Eden Kanun	e53/1961:~doc
Tıp Kayıt Yasası	d30/1961:~doc|d4/1970:~0doc|d3/1971:~0doc
Tıp Servisleri Uzmanlık (Geçici Hükümler) Yasası	e27/1970:~doc
Tıp ve Kimya Labaratuvarları Yasası	e37/1987:~doc
Tıp ve Kimya Laboratuvarları ile Radyasyon Kaynağı Kullanan Labaratuvarların Denetim Altında Çalıştırılmaları Hakkında Yasası	d30/2011:3251153_86-2-2010 iade.doc
Ticaret Dairesi (Kuruluş, Görev ve Çalışma Esasları) Yasası	e26/1990:~doc
Ticaret Markaları Yasası	d28/1995:~doc|d04/2024:2605128_Ticaret Markaları Yasası Y.T. 112-2-2023.docx
Ticaret Odası Yasası	e21/1981:~doc|d43/1984:~doc|d38/1992:~doc
Tohum ve Üretim Materyalleri Yasası	e43/2018:Tohum ve Üretim Materyalleri Yasası.docx
Toplu Taşımacılık Yapılan Araçlarda ve Kapalı Yerlerde Tütün ve Tütün Mamüllerinin İçiminin Yasaklanması ve Sınırlandırılması Yasası	e46/1996:~doc
Toplumsal Cinsiyet Eşitliği Dairesi (Kuruluş, Görev ve Çalışma Esasları) Yasası	e61/2014:~doc
Toprak Ürünleri Denetim Öngrülen Yasası	d35/1984:~doc
Toprak Ürünleri Denetimini Öngören Yasa	e24/1974:~doc
Toprak Ürünleri Kurumu (Kuruluş, Görev ve Yetkileri) Yasası	e32/1992:~doc
Trafik Dairesi (Kuruluş, Görev ve Çalışma Esasları) Yasası	e17/2016:trafik yasa.doc|d32/2025:9145388_y.t no 275-4-2025 Trafik Dairesi (Kurulus__Gorev_ve_Çalisma_Esaslari)_(Degisiklik).doc|d11/2026:3452549_Trafik Dairesi.docx
Trafik Hizmetlerinin Planlanması, Koordinasyonu ve Denetimi Yasa	d22/2004:~doc
Trafik Hizmetlerinin Planlanması, Koordinasyonu ve Denetimi Yasası	d01/2014:~doc|e27/2016:191-4-2015.docx
Trafik Hizmetlerinin Planması, Kordinasyonu Ve Denetim Yasası	e46/2001:~doc
Trap - Skeet atış Alanı ile Tabanca ve Tüfek Atış Poligonu Kurma ve İşletme Yasası	e52/1999:~doc
Turizm Endüstrisi Teşvik Yasası	e16/1987:~doc|d67/1988:~doc|d67/1988:~doc|d09/2008:~doc|d31/2012:229-4-2012.doc
Turizm Gelişim Yasası	e52/2011:~doc
Turizm Planlama Dairesi (Kuruluş, Görev ve Çalışma Esasları)	e20/2006:~doc
Turizm Planlama Dairesi (Kuruluş, Görev ve Çalışma Esasları) Yasası	e25/1990:~doc
Turizm Tanıtma ve Pazarlama Dairesi (Kuruluş, Görev ve Çalışma Esasları) Yasası	e28/1990:~doc|e39/2002:39.2002.doc.doc
Turizm ve Seyahat Acentaları Birliği (KITSAB) Yasası	e66/1989:~doc
Turizm ve Seyahat Acentaları Yasası	e25/1978:~doc|d14/1979:~doc|d49/1989:~doc|d40/1997:~doc
Tüketici Kredileri Yasası	e31/2020:8509602_tüketici yö 27-3-19.docx
TÜKETİCİLERİ KORUMA YASASI İÇ DÜZENİ	e40/2003:40_2003.doc
Tüketicileri Koruma Yasasi	d55/2010:~doc|d59/2026:9301348_Tüketicileri Koruma RG.docx
Tüketicilerin Korunmasına İlişkin Gıdaların Resmi Kontrolü ve Hijyen Yasası	e01/2020:1324498_hijyenyasa.pdf
Türk Aile Yasası	d8/1980:~0doc|d30/1982:~doc|d49/1995:~doc
Türk Ajansı – Kıbrıs (TAK) (Kuruluş, Görev ve Çalışma Esasları) Yasası	e41/2011:~doc|d16/2016:tak yasa.docx
Türk Belediye Komisyonları (Geçici Tedbirler) Yasası	e33/1959:~doc
Türk Bölgelerinde Motorlu Taşıt Araçları ve Trafik Kontrol (Geçici Hükümler) Yasası	e11/1971:~doc
Türk Bölgelerine Giriş ve Çıkışı Kontrol Eden (Geçici Hükümler) Yasası	e5/1969:~0doc
Türk Cemaar MEclisi Şahsi Vergiler (Gelir Vergisi) Kanununu Tadil Eden Kural	e10/1972:~doc
Türk Cemaat Meclisi Amme Hizmeti Yasası	e0/1960:TCM02-60.doc
Türk Cemaat Meclisi Birlikler ve Dernekler Kanunu	e0/1961:TCM06-61.doc
Türk Cemaat Meclisi Dairesi Memur Kadrosu Yasası	e0/1960:TCM04-60.doc
Türk Cemaat Meclisi Evlenme İle İlgili Resimler Yasası	d4/2006:~0doc
Türk Cemaat Meclisi Görev Süresinin Temdidine Mütedair (Geçici Hükümler İhtiva Eden) Yasa	e1/1969:~0doc
Türk Cemaat Meclisi Konsolide Fonu (İnkişaf Sandığı) Yasası	d36/2012:inkişaf.doc
Türk Cemaat Meclisi Şahsı Vergiler (Gelir Vergisi) Kanunu	e0/1961:TCM13-61.doc
Türk Cemaat Meclisi Teşkilat Yasası	d0/1961:TCM07-61.doc
Türk Cemaat Meclisi Vakıflar ve Din İşleri Dairesi Teşkilat Yasası	e0/1960:TCM12-60.doc
Türk Cemaat Meclisi Vergi Tahsil Yasası	d3/1969:~0doc
Türk Cemaatı Soyadı Yasası	e16/1974:~doc|d25/1975:~doc
Türk Cemaatına Mensup Olmayan Şahıslara Ait Gayrımenkul Malların Kontrolu (Geçici Hükümler) Yasası	e8/1969:~0doc|d20/1970:~doc|d3/1974:~0doc
Türk Cemaatına Mensup Olmayan Şahıslara Gayrımenkul Mal Satışını Meneden Yasa	e6/1969:06-1969-2.doc|d17/1970:~doc
Türk Göçmenlere Yardım Kuralı	e8/1971:~0doc
Türk Hastahaneleri İnşa ve Techizat Fonu Yasası	e33/1970:33-1970-2.doc
Türk Tabipler Birliği Yasası	e13/1976:~doc
Türk-Ajansı-Kıbrıs (TAK) (Kuruluş, Görev ve Çalışma Esasları) Yasası	e41/1983:~doc
Türl Cemaatına Mensup Şahısların Kıbrısa Giriş ve Çıkışı Kontrol Eden Kural	e5/1972:~0doc
Tütün Kanununu Tadil Eden Kanun	e75/1963:~doc
Tütün Ürünlerinin Zararlarından Korunma ve Denetim Yasası	e44/2008:~doc
Tütün Ürünlerinin Zararlarindan Korunma ve Denetim Yasasi	d34/2009:~doc
Tütün Yasası	d2/1961:~0doc|d49/1963:~doc
Uçucu Maddelerin Zararlarından İnsan Sağlığının Korunmasına Dair Yasa	e54/2015:169-3-2015yasa.docx
Uluslararası Bankacılık Birimleri Yasası	e41/2008:~doc|d44/2011:~doc
Uluslararası İşletme Şirketleri Yasası	e38/2005:~doc|d27/2007:~doc|d48/2011:~doc
Uluslararasi Bankacilik Birimleri Yasasi	d33/2009:~doc
Uyuşturucu Madde Bağımlıları ve Kullanıcıları Hakkında Denetimli Serbestlik Yasası	e28/2016:51.3.2015.doc
Uyuşturucu Maddeler Yasası	d16/1977:~doc|d54/1977:~doc|d36/1982:~doc|d37/1989:~doc|d3/1991:38-1991.doc|d38/1991:~doc|d42/2004:~doc
Uzun Vadeli Kira Yöntemiyle Taşınmaz Mal Edinme Yasası	e50/2008:~doc
Ülkede Yaşanan Ekonomik Kriz Nedeniyle Sosyal Güvenlik Yasasına Tabi Sigortalıların Ödemesi Gereken Prim Miktarında % 1.5 İndirim Yapılması ve Ödenmemiş Prim Borçlarına Ait Gecikme Zamlarının İndirilmesine İlişkin (Geçici Kurallar) Yasası	e04/2019:YGK No. 28-1-2018.docx
Ülkede Yaşanan Ekonomik Kriz Nedeniyle Sosyal Sigortalar Yasasına Tabi Sigortalıların Ödemesi Gereken Prim Miktarında % 1.5 İndirim Yapılması ve Ödenmemiş Prim Borçlarına Ait Gecikme Zamlarının İndirilmesine İlişkin (Geçici Kurallar) Yasası	e03/2019:YGK No. 27-1-2018.docx
Ürün Güvenliği Yasası	e42/2014:5-2-2013-urun.doc
Üst Kademe Yöneticileri Yasası	e53/1977:~doc|d12/1980:~doc|d7/1981:~0doc|d7/1981:~0doc|d51/1982:~doc|d24/1983:~doc|d43/1983:~doc|d2/1984:~0doc|d4/1987:~0doc|d49/1987:~doc|d50/1987:~doc|d33/1989:~doc|d61/1989:~doc|d63/1989:~doc|d2/1990:01-1991.doc|d2/1990:~0doc|d41/1990:~doc|d30/1991:~doc|d31/1992:~doc|d32/1992:~doc|d16/1994:~doc|d5/1995:~0doc|d6/1998:~0doc|d21/1999:~doc|d19/2001:~doc|d23/2005:~doc|d08/2010:~doc|d25/2017:Üst Kademe.docx
Üst Kademe Yöneticiliği Yapan Kamu Görevlilerinin Atanması Hakkında Yasası	d22/2006:~doc|d66/2006:~doc|d75/2007:~doc|d13/2018:25.05.2018.docx|d01/2019:ustkademe.docx|d35/2019:ustkademe yasa.docx|d14/2024:9947073_57-3-2023 üst kademe yöneticileri.docx|d11/2025:3498306_y.t 229-3-2024 Üst Kademe Yöneticilği.doc
Vakıflar Örgütü ve Din Işleri Dairesi (KuruluşGörev ve Çalışma Esasları)	e48/2000:~doc
Vakıflar Örgütü ve Din Işleri Dairesi (KuruluşGörev ve Çalışma Esasları) Yasası	d25/1999:~doc
VAKIFLAR ÖRGÜTÜ VE DİN İŞLERİ DAİRESİ	e30/2003:30_2003.doc
Vakıflar Örgütü ve Din İşleri Dairesi (Kuruluş Görev ve Çalışma Esasalrı) Yasası	d26/2001:~doc
VAKIFLAR ÖRGÜTÜ VE DİN İŞLERİ DAİRESİ (KURULUŞ, GÖREV VE ÇALIŞMA ESASLARI) (DEĞİŞİKLİK) YASASI	d27/1998:~doc|d47/1998:~DOC|e29/2002:29.2002.doc|d78/2009:~doc|d19/2017:vakıf ve din.docx|d41/2023:5335158_VAKIFLAR ÇALIŞMA SAATLERİ.docx|d19/2024:7295454_19-2024 Vakıflar HP.docx
Vakıflar Örgütü ve Din İşleri Dairesi (Kuruluş, Görev ve Çalışma Esasları) Yasasında Hayat Pahalılığı Ödeneği Hakkını Düzenleyen 51’inci Maddenin Uygulanmasının Durdurulmasına İlişkin (Geçici Kurallar) Yasası	e23/2011:~doc|e16/2015:~doc
Vakıflar Örgütü ve Din İşleri Dairesi (Kuruluş, Görev ve Çalışma Esasları) Yasasının 51inci Maddesinde Düzenlenmiş Olan Hayat Pahalılığı Ödeneği Hakkının Yeniden Düzenlenmesine İlişkin Yasa	e67/2009:~doc
Vakıflar Örgütü ve Din İşleri Dairesi (Kuruluş, Görev ve Çalışma Esasları) Yasasının Hayat Pahalılığı Ödeneği Hakkını Düzenleyen 51’inci Maddesinin Uygulanmasının 3 Ay Süre İle Durdurulmasına İlişkin (Geçici Kurallar) Yasası	e55/2018:vakıflar.docx
Vakıflar Örgütü ve Din İşleri Dairesi (KuruluşGörev ve Çalışma Esasları) Yasası	e73/1991:~doc|d51/1992:~doc|d32/1993:~doc
Vakıflar Örgütü ve Din İşleri Dairesi Onuncu Yıl İkramiyesi Yasası	e47/1994:~doc
Vakıflar ve Din Işleri Dairesi Memurları Emeklilik Yasası	d33/2000:~doc
Vakıflar ve Din Işleri Dairesi Memurları EmeklilikYasası	d27/2001:~doc
Vakıflar ve Din İşleri Dairesi (Evkaf ve Müftülük Daireleri) Memurları Emeklilik Yasası	d59/2007:~doc
Vakıflar ve Din İşleri Dairesi Memurları Emeklilik Yasası	e56/1987:~doc|d62/1989:~doc|d22/1990:~doc|d87/1991:~doc|d60/1992:~doc|e75/2003:75_2003.doc
Vakıflar ve Din İşleri Dairesi Teşkilat Kuralı	e31/1970:~doc
Vakiflar Örgütü ve Din Isleri Dairesi (Kurulus, Görev ve Çalisma Esaslari) Yasasi	d53/2010:~doc
Vakiflar ve Din Isleri Dairesi Memurlari Emeklilik Yasasi	d54/2010:~doc
Van Deprem Felaketzedelerine Yardım Yasası	e32/1976:~doc
Vasiyet ve Tevarüs Yasası	d10/1971:~doc
Vasiyetnameler ve Veraset Yasası	d21/2021:5232958_vasiyetname.docx
Vefat Edenlerin Beyan Edilmeyen Gelirleri ile Vefat ile Devreden Malların Vergilendirilmesi Yasası	d04/2025:8693042_240-4-2024 Vefat Edenler.doc
Vefat Edenlerin Beyan Edilmeyen Gelirleri ile Vefat ile Devreden Mallarının Vergilendirilmesi Yasası	e39/2007:~doc
Veraset Vergisi Yasası	e67/1962:~doc|d46/1983:~doc|d35/1989:~doc|d71/1993:~doc|d20/1996:~doc|d7/2006:~0doc
Vergi Tahsil Yasası	e31/1962:~doc
Vergi Usul Yasası	e27/1977:~doc|e27/1977:~doc|d13/1980:~doc|d24/2015:~docx|d50/2017:vergı.docx
Vergi Yükümlülerinin Vergi Mevzuatı Uyarınca Kazanılmış İndirim Haklarının Devam Etmesine İlişkin (Geçici Kurallar) Yasası	e19/2020:3944310_Y-G-NO 111-3-2020 ödenecek verginin bulunmadığı.docx
Vergiler (Miktar Tayini ve Elde Edilmesi) Yasası	e53/1963:~doc
Vergiler veya Resimler Koyan Kanunların Hükümlerinin Yürürlükte Kalmalarının Devamı Yasası	e23/1960:~doc
Vergisini Zamanında Ödeyen Yükümlülere Yüzde On İndirim Yapılmasını Sağlayan (Geçici Kurallar) Yasası	e18/2020:5863248_vergisini zaman ygk.docx
Vesikalar (Özel Resim) Yasası	d77/1963:~doc
Vesikalar (Özel Resim)Yasası	e57/1961:~doc
Veteriner Dairesi (Kuruluş, Görev ve Çalışma Esasları) Yasası	e7/1992:~0doc|d43/1999:~doc
Veteriner Hekimler Birliği Yasası	e4/1977:~0doc|d56/1977:~doc
Veteriner Hizmetleri Yasası	e05/2017:vet.doc|d44/2020:9591772_veteriner.docx
Veteriner Tıbbi Ürünler Yasası	e21/2019:vets.docx
Video Filimler Yasası	e46/1984:~doc
Yabancı Malların Tahsis ve Değerlendirilmesi Yasası	e33/1975:~doc
Yabancı Sermaye Yasası	e69/2002:~doc
Yabancıdan Satın Alınan Taşınmaz Malların Kaydı Yasası	e7/1980:~0doc|d54/1987:~doc
Yabancılar ve Muhaceret Yasası	d21/1982:~doc|d44/1989:~doc|d38/2006:~doc|d28/2007:~doc|d50/2007:~doc|d31/2008:~doc|d55/2011:~doc|d62/2014:yabanc..doc|d44/2016:YTNo. 222-5-2016.doc|d58/2018:yabancılar ve muhaceret yasa.docx|d39/2019:Y.T.No.117-3-2019 yabancilar (5).docx|d18/2021:8218669_yabancılar.docx|d25/2022:6155579_cumhur yabancılar.docx|d61/2024:4758717_RG - Yabancılar ve Muhaceret (Değişiklik) Yasası.docx|d27/2026:7276161_YT 380-5-26 - RG.docx|d44/2026:1823473_345-5-2026 Yabancılar ve Muhaceret.docx
Yabancılardan Satın Alınan Taşınmaz Malların Kaydı Yasası	d08/2008:~doc
Yabancıların Çalışma İzinleri Yasası	e63/2006:~doc|d25/2012:yabancııı.doc|d22/2015:yabancılar.doc|d06/2016:yabancilari.doc|d42/2016:YTNo 221-5-2016.docx|d25/2025:9772603_Yabancıların Çalışma İzinleri (Değişiklik) Yasası.docx
Yabancilar ve Muhaceret Yasası	d32/2004:~doc
Yapı İnşaatı ve Teknik İşler Müteahhitleri Kayıt ve Denetim Yasası	e19/1998:~DOC|d68/2006:~doc|d35/2023:2693758_yt.no. 96-2-2023- YAPI İNŞAAT resmi gazete.docx
Yardımlaşma Yasası	e44/1988:~doc
Yargıçlar Geçici Kurallar Yasası	e36/1975:~doc
Yasaların Türkçeleştirilmesi ve Birleştirilmesi Yasası	e19/1977:~doc
YATAKLI TEDAVİ KURUMLARI DAİRESİ	e35/2003:35_2003.doc
YATAKLI TEDAVİ KURUMLARI DAİRESİ (KURULUŞ , GÖREV VE ÇALIŞMA ESASLARI ) (DEĞİŞİKLİK NO:2) YASASI	e66/2003:66_2003.doc
YATAKLI TEDAVİ KURUMLARI DAİRESİ (KURULUŞ, GÖREV VE	e52/2002:52.2002.doc
Yataklı Tedavi Kurumları Dairesi (Kuruluş, Görev ve Çalışma Esasları)	d19/2016:2016 yataklı..docx
Yataklı Tedavi Kurumları Dairesi (Kuruluş, Görev ve Çalışma Esasları) Yasası	e56/1989:~doc|d45/1990:~doc|d17/1991:~doc|d61/1992:~doc|d43/1993:~doc|d32/1997:~doc|d36/1998:~doc|d10/1999:~doc|d37/2000:~doc|d40/2000:~doc|d35/2001:~doc|e34/2007:~doc|d02/2018:Yatakli1.docx|d27/2018:yatakli.docx|d13/2019:78-2-2019yatakli.docx|d49/2023:5236149_Y.T.No  64-1-2022 yatklı.docx|d36/2024:3058846_181-3-2024 Yataklı Tedavi.docx|d12/2025:7901453_yt.no. 271-4-2025 yataklı değişiklik c.başkanlığı.docx|d48/2025:3482985_yt.no. 306-4-2025 Yataklı Tedavi değişiklik.docx
Yedek Subaylık Yasası	e14/1978:~doc|e35/1981:~doc|d11/1989:~doc|e21/1991:~doc|e21/1991:~doc|d24/1995:~doc|d41/1997:~doc
Yem Yasası	d46/1995:~doc
Yeniden Değerleme ve Mali Düzenleme Yasası	e31/1990:~doc
Yenilenebilir Enerji Yasası	e47/2011:~doc|d14/2016:yen.en.doc
Yerel Kuruluş Organları Genel Seçimleri (Geçici Kurallar) Yasası	e6/1986:~0doc
Yerel Kuruluş ve Mensupları (Görev Sürelerinin Devamlılığı ve Meşruiyeti) Yasası	e45/1975:~doc
Yerel Seçimler (Geçici Kurallar) Yasası	e30/1990:~doc
Yerel Seçimlerin Ertelenmesi (Geçici Kurallar) Yasası	e17/1984:~doc|e16/1985:~doc
Yıllık Ödenekli İzin Yasası	d8/1974:~0doc|d33/1981:~doc
Yol Güvenliği Yasası	e9/1988:~0doc|d43/1996:~doc|d26/1999:~doc|e63/2002:63.2002.doc|d21/2004:~doc|d52/2005:~doc|d03/2014:~doc|e10/2022:4044827_10-2022.docx|d14/2025:2865244_YT 202-3-2024 Yol Güvenliği Resmi Gazete.docx
YOL KURALLARI (DEĞİŞİKLİK) YASASI	d5/1983:~0doc|d54/1991:~doc|e66/2002:66.2002.doc|d53/2005:~doc|d05/2014:~doc
Yol Trafik Suçlarının Davasız Halli Kanununu Tadil Eden Kanun	e4/1975:~0doc
Yol Trafik Suçlarının Davasız Halli Yasası	e84/1963:~doc|d13/1975:~doc|d37/1982:~doc|e43/1991:~doc|d43/1995:~doc
YOL VE TRAFİK SUÇLARININ DAVASIZ HALLİ VE CEZA PUANI (DEĞİŞİKLİK) YASASI	d51/1999:~doc|e54/2002:54.2002.doc|d58/2005:~doc|d42/2006:~doc|d66/2007:~doc|d02/2014:~doc|d25/2014:25-2-2014.doc|d51/2014:86-2-2014.doc|d22/2017:yol.doc|d16/2025:467779_Bir Davasız YT 227-3-2024 Resmi Gazete.docx|d44/2025:4350666_Yol ve Trafik Yasası.docx
Yollar ve Binalar Düzenleme Yasası	d67/1963:~doc|d16/1971:~doc|d31/1976:~doc|d18/1979:~doc|d47/1984:~doc|d48/1989:~doc|d6/1992:~0doc
Yolluk ve İaşe-İbate Tahsisatı Yasası	e0/1961:TCM09-61.doc
Yunanistan Milli Bankası (İstikraz) Yasası	e86/1963:~doc
Yurt Dışı Görev Ödenekleri Yasası	e38/1977:~doc|d13/1983:~doc|d48/1987:~doc
YURT DIŞINDA GÖREV YAPAN PERSONELİN KADROLARI VE DIŞ GÖREV ÖDENEKLERİ (DEĞİŞİKLİK) YASASI	e55/2002:55.2002.doc|e48/2003:48_2003.doc|d7/2007:~doc|d04/2009:~doc|d18/2024:2854841_Y.T.No 69-2-2022 yurtdışında görev yapan personel.docx
Yurt Dışında Görev Yapan Personelin Kadroları ve Yurt Dışı Görev Ödenekleri Yasası	d14/2013:235-4-2012.doc
Yurt Dışındaki Finansal Varlıkların Ekonomiye Kazandırılması Hakkında Yasa	e30/2026:2383512_Finansal Varlıklar Yasası.docx
Yurt Disinda Görev Yapan Personelin Kadrolari ve Dis Görev Ödenekleri Yasasi	d89/2009:89-2009s.doc
Yurttaşlık Yasası	d26/1975:~doc|e25/1993:~doc|e25/1993:~doc|d58/1995:~doc|d5/2006:~0doc|d21/2015:yurttaşlıkdeğişiklik.doc|d03/2022:2743060_yurt.docx|d42/2026:1674054_Yurttaşlık Yasası web.docx|d52/2026:2618430_Yurttaşlık (Değişiklik) Yasası RG.docx
Yükleme ve Boşaltma Ücretleri Yasası	e12/2000:~doc
Yüksek Adliye Kurulu Yasası	e3/1976:~0doc
Yüksek Anayasa Mahkemesi (Elen-ve Türk Hakiminin Maaş ve Diğer Hizmet Şartları) Yasası	e14/1961:~doc
Yüksek Anayasa Mahkemesi (Memurların Hizmet Şartları) Yasası	e4/1961:~0doc
Yüksek Anayasa Mahkemesi (Raportörler) Yasası	e64/1962:~doc
Yüksek İdare Mahkemesi Yetki Yasası	e60/1990:~doc|d50/2024:7669288_Yüksek İdare Mahkemesi Yetki (Değişiklik) Yasası 50-2024.docx
Yüksek Öğrenim ve Dışilişkiler Dairesi (Kuruluş, Görev ve Çalışma Esasları) Yasası	d77/2007:~doc|d11/2009:~doc
Yüksek Öğretim Kurumları (Kuruluş, Görev ve Çalışma Esasları) Yasası	e2/1993:~0doc
Yüksek Öğretim ve Dış İlişkiler Dairesi (Kuruluş, Görev ve Çalışma Esasları) Yasası	e12/1990:~doc|d34/1994:~doc
Yüksek Öğretim ve Dışilişkiler Dairesi Çalışma Esasları	e12/1990:~doc
Yüksek Seçim Kurulu Genel Sekreterliği ve Daimi Seçmen Kütükleri Bürolarının (Kuruluş, Görev ve Çalışma Esasları) Yasası	d27/2005:~doc
Yüksek Teknoloji Enstitüsü Kuruluş Yasası	e18/1981:~doc|d17/1983:~doc|d38/1984:~doc
Yüksek Yönetim Denetçisi (Ombudsman) Yasası	e38/1996:~doc
Yüksekögretim Kurumlari Mali Düzenleme Yasasi	d30/2010:~doc
Yükseköğretim Kurumları Mali Düzenleme Yasası	e39/2009:~doc|d27/2015:~doc
Yürürlükten Kaldırma Yasası	e24/1984:24-1984-2.doc
Zahire Kontrol Yasası	d54/1962:~doc|d27/1963:~doc
Zeytin ve Zeytin Ürünleri Yasası	e38/2023:9976075_yt.no. 22-1-2022-zeytin resmi gazete.docx
Zeytinyağı Yasası	e23/1963:~doc|d4/1974:~0doc
Ziraat Bankası (Andlaşma ve Netice Kabilinden Hükümler) Yasası	e42/1963:~doc
Zirai Krediler Yasası	e56/1962:~doc|e56/1962:~doc
Zorla Mal İktisabı Yasası	e15/1962:~doc
